법정구역,2024년02월_계_총세대수,2024년02월_계_연령구간세대수,2024년02월_계_20~29세,2024년02월_계_30~39세,2024년02월_남_총세대수,2024년02월_남_연령구간세대수,2024년02월_남_20~29세,2024년02월_남_30~39세,2024년02월_여_총세대수,2024년02월_여_연령구간세대수,2024년02월_여_20~29세,2024년02월_여_30~39세,2030_1인가구_비율,2030(여성)_1인가구_비율,2030(남성)_1인가구_비율
청운동,190.0,48.0,17,31,68.0,24.0,8,16,122.0,24.0,9,15,0.25263157894736843,0.19672131147540983,0.35294117647058826
신교동,245.0,88.0,40,48,85.0,39.0,16,23,160.0,49.0,24,25,0.35918367346938773,0.30625,0.4588235294117647
궁정동,64.0,21.0,7,14,18.0,2.0,0,2,46.0,19.0,7,12,0.328125,0.41304347826086957,0.1111111111111111
효자동,96.0,34.0,11,23,36.0,16.0,7,9,60.0,18.0,4,14,0.3541666666666667,0.3,0.4444444444444444
창성동,99.0,31.0,4,27,36.0,14.0,1,13,63.0,17.0,3,14,0.31313131313131315,0.2698412698412698,0.3888888888888889
통의동,117.0,73.0,27,46,67.0,49.0,16,33,50.0,24.0,11,13,0.6239316239316239,0.48,0.7313432835820896
적선동,7.0,2.0,0,2,5.0,0.0,0,0,2.0,2.0,0,2,0.2857142857142857,1.0,0.0
통인동,173.0,51.0,21,30,74.0,28.0,10,18,99.0,23.0,11,12,0.2947976878612717,0.23232323232323232,0.3783783783783784
누상동,483.0,161.0,51,110,185.0,66.0,18,48,298.0,95.0,33,62,0.3333333333333333,0.3187919463087248,0.3567567567567568
누하동,217.0,96.0,40,56,87.0,41.0,16,25,130.0,55.0,24,31,0.4423963133640553,0.4230769230769231,0.47126436781609193
옥인동,400.0,163.0,56,107,150.0,72.0,20,52,250.0,91.0,36,55,0.4075,0.364,0.48
체부동,222.0,77.0,26,51,99.0,35.0,10,25,123.0,42.0,16,26,0.34684684684684686,0.34146341463414637,0.35353535353535354
필운동,280.0,99.0,44,55,121.0,40.0,14,26,159.0,59.0,30,29,0.3535714285714286,0.3710691823899371,0.3305785123966942
내자동,35.0,7.0,2,5,12.0,2.0,1,1,23.0,5.0,1,4,0.2,0.21739130434782608,0.16666666666666666
사직동,537.0,158.0,59,99,213.0,79.0,29,50,324.0,79.0,30,49,0.2942271880819367,0.24382716049382716,0.37089201877934275
도렴동,2.0,1.0,0,1,2.0,1.0,0,1,0.0,0.0,0,0,0.5,0.0,0.5
당주동,51.0,5.0,1,4,18.0,4.0,1,3,33.0,1.0,0,1,0.09803921568627451,0.030303030303030304,0.2222222222222222
내수동,831.0,461.0,134,327,292.0,162.0,38,124,539.0,299.0,96,203,0.5547533092659447,0.5547309833024119,0.5547945205479452
세종로,0.0,0.0,0,0,0.0,0.0,0,0,0.0,0.0,0,0,0.0,0.0,0.0
신문로1가,21.0,4.0,0,4,12.0,1.0,0,1,9.0,3.0,0,3,0.19047619047619047,0.3333333333333333,0.08333333333333333
신문로2가,208.0,65.0,20,45,83.0,25.0,8,17,125.0,40.0,12,28,0.3125,0.32,0.30120481927710846
청진동,45.0,10.0,3,7,27.0,4.0,1,3,18.0,6.0,2,4,0.2222222222222222,0.3333333333333333,0.14814814814814814
서린동,2.0,0.0,0,0,2.0,0.0,0,0,0.0,0.0,0,0,0.0,0.0,0.0
수송동,102.0,30.0,10,20,50.0,14.0,3,11,52.0,16.0,7,9,0.29411764705882354,0.3076923076923077,0.28
중학동,2.0,0.0,0,0,1.0,0.0,0,0,1.0,0.0,0,0,0.0,0.0,0.0
종로1가,52.0,17.0,7,10,33.0,10.0,3,7,19.0,7.0,4,3,0.3269230769230769,0.3684210526315789,0.30303030303030304
공평동,1.0,0.0,0,0,1.0,0.0,0,0,0.0,0.0,0,0,0.0,0.0,0.0
관훈동,77.0,18.0,8,10,51.0,14.0,6,8,26.0,4.0,2,2,0.23376623376623376,0.15384615384615385,0.27450980392156865
견지동,60.0,16.0,3,13,28.0,7.0,3,4,32.0,9.0,0,9,0.26666666666666666,0.28125,0.25
와룡동,37.0,0.0,0,0,27.0,0.0,0,0,10.0,0.0,0,0,0.0,0.0,0.0
권농동,48.0,7.0,1,6,31.0,4.0,0,4,17.0,3.0,1,2,0.14583333333333334,0.17647058823529413,0.12903225806451613
운니동,98.0,39.0,22,17,65.0,24.0,12,12,33.0,15.0,10,5,0.3979591836734694,0.45454545454545453,0.36923076923076925
익선동,562.0,232.0,107,125,343.0,145.0,56,89,219.0,87.0,51,36,0.4128113879003559,0.3972602739726027,0.4227405247813411
경운동,168.0,76.0,35,41,83.0,40.0,14,26,85.0,36.0,21,15,0.4523809523809524,0.4235294117647059,0.4819277108433735
관철동,205.0,115.0,60,55,151.0,74.0,35,39,54.0,41.0,25,16,0.5609756097560976,0.7592592592592593,0.4900662251655629
인사동,55.0,7.0,3,4,37.0,4.0,2,2,18.0,3.0,1,2,0.12727272727272726,0.16666666666666666,0.10810810810810811
낙원동,479.0,116.0,66,50,348.0,74.0,39,35,131.0,42.0,27,15,0.24217118997912318,0.32061068702290074,0.21264367816091953
종로2가,56.0,19.0,8,11,31.0,8.0,4,4,25.0,11.0,4,7,0.3392857142857143,0.44,0.25806451612903225
팔판동,52.0,12.0,2,10,27.0,8.0,0,8,25.0,4.0,2,2,0.23076923076923078,0.16,0.2962962962962963
삼청동,325.0,109.0,51,58,158.0,64.0,31,33,167.0,45.0,20,25,0.3353846153846154,0.2694610778443114,0.4050632911392405
안국동,78.0,20.0,6,14,35.0,13.0,4,9,43.0,7.0,2,5,0.2564102564102564,0.16279069767441862,0.37142857142857144
소격동,20.0,5.0,0,5,10.0,2.0,0,2,10.0,3.0,0,3,0.25,0.3,0.2
화동,48.0,12.0,5,7,14.0,4.0,2,2,34.0,8.0,3,5,0.25,0.23529411764705882,0.2857142857142857
사간동,38.0,7.0,2,5,22.0,3.0,0,3,16.0,4.0,2,2,0.18421052631578946,0.25,0.13636363636363635
송현동,0.0,0.0,0,0,0.0,0.0,0,0,0.0,0.0,0,0,0.0,0.0,0.0
가회동,261.0,56.0,12,44,103.0,25.0,6,19,158.0,31.0,6,25,0.21455938697318008,0.1962025316455696,0.24271844660194175
재동,34.0,8.0,1,7,17.0,4.0,0,4,17.0,4.0,1,3,0.23529411764705882,0.23529411764705882,0.23529411764705882
계동,222.0,54.0,19,35,94.0,31.0,10,21,128.0,23.0,9,14,0.24324324324324326,0.1796875,0.32978723404255317
원서동,392.0,149.0,48,101,169.0,60.0,18,42,223.0,89.0,30,59,0.38010204081632654,0.3991031390134529,0.35502958579881655
훈정동,0.0,0.0,0,0,0.0,0.0,0,0,0.0,0.0,0,0,0.0,0.0,0.0
묘동,23.0,2.0,0,2,22.0,2.0,0,2,1.0,0.0,0,0,0.08695652173913043,0.0,0.09090909090909091
봉익동,34.0,7.0,3,4,30.0,6.0,2,4,4.0,1.0,1,0,0.20588235294117646,0.25,0.2
돈의동,715.0,12.0,4,8,626.0,8.0,3,5,89.0,4.0,1,3,0.016783216783216783,0.0449438202247191,0.012779552715654952
장사동,53.0,9.0,2,7,47.0,8.0,2,6,6.0,1.0,0,1,0.16981132075471697,0.16666666666666666,0.1702127659574468
관수동,343.0,146.0,79,67,262.0,93.0,47,46,81.0,53.0,32,21,0.42565597667638483,0.654320987654321,0.3549618320610687
종로3가,118.0,35.0,10,25,100.0,30.0,10,20,18.0,5.0,0,5,0.2966101694915254,0.2777777777777778,0.3
인의동,240.0,125.0,75,50,125.0,54.0,26,28,115.0,71.0,49,22,0.5208333333333334,0.6173913043478261,0.432
예지동,22.0,1.0,0,1,13.0,0.0,0,0,9.0,1.0,0,1,0.045454545454545456,0.1111111111111111,0.0
원남동,306.0,221.0,158,63,129.0,86.0,52,34,177.0,135.0,106,29,0.7222222222222222,0.7627118644067796,0.6666666666666666
연지동,676.0,494.0,331,163,368.0,238.0,143,95,308.0,256.0,188,68,0.7307692307692307,0.8311688311688312,0.6467391304347826
종로4가,14.0,0.0,0,0,8.0,0.0,0,0,6.0,0.0,0,0,0.0,0.0,0.0
효제동,576.0,401.0,266,135,307.0,196.0,112,84,269.0,205.0,154,51,0.6961805555555556,0.7620817843866171,0.6384364820846905
종로5가,189.0,65.0,43,22,101.0,23.0,16,7,88.0,42.0,27,15,0.3439153439153439,0.4772727272727273,0.22772277227722773
종로6가,167.0,29.0,11,18,112.0,16.0,5,11,55.0,13.0,6,7,0.17365269461077845,0.23636363636363636,0.14285714285714285
이화동,626.0,282.0,150,132,320.0,144.0,59,85,306.0,138.0,91,47,0.4504792332268371,0.45098039215686275,0.45
연건동,865.0,653.0,449,204,373.0,283.0,197,86,492.0,370.0,252,118,0.7549132947976879,0.7520325203252033,0.7587131367292225
충신동,957.0,320.0,146,174,570.0,189.0,75,114,387.0,131.0,71,60,0.3343782654127482,0.3385012919896641,0.33157894736842103
동숭동,1292.0,681.0,356,325,602.0,315.0,153,162,690.0,366.0,203,163,0.5270897832817337,0.5304347826086957,0.5232558139534884
혜화동,966.0,567.0,394,173,415.0,233.0,147,86,551.0,334.0,247,87,0.5869565217391305,0.6061705989110708,0.5614457831325301
명륜1가,1258.0,847.0,633,214,618.0,445.0,326,119,640.0,402.0,307,95,0.6732909379968204,0.628125,0.7200647249190939
명륜2가,930.0,614.0,480,134,421.0,298.0,223,75,509.0,316.0,257,59,0.6602150537634408,0.6208251473477406,0.7078384798099763
명륜4가,377.0,248.0,172,76,197.0,137.0,92,45,180.0,111.0,80,31,0.6578249336870027,0.6166666666666667,0.6954314720812182
명륜3가,2212.0,1494.0,"1,147",347,1234.0,883.0,655,228,978.0,611.0,492,119,0.6754068716094033,0.6247443762781186,0.7155591572123177
창신동,4527.0,999.0,367,632,2497.0,565.0,168,397,2030.0,434.0,199,235,0.220675944333996,0.21379310344827587,0.2262715258309972
숭인동,6437.0,3341.0,"1,976","1,365",3178.0,1421.0,699,722,3259.0,1920.0,"1,277",643,0.519030604318782,0.5891377723227984,0.44713656387665196
교남동,44.0,12.0,6,6,23.0,6.0,2,4,21.0,6.0,4,2,0.2727272727272727,0.2857142857142857,0.2608695652173913
평동,88.0,17.0,1,16,34.0,12.0,1,11,54.0,5.0,0,5,0.19318181818181818,0.09259259259259259,0.35294117647058826
송월동,46.0,9.0,2,7,15.0,3.0,1,2,31.0,6.0,1,5,0.1956521739130435,0.1935483870967742,0.2
홍파동,132.0,28.0,10,18,47.0,13.0,3,10,85.0,15.0,7,8,0.21212121212121213,0.17647058823529413,0.2765957446808511
교북동,221.0,112.0,33,79,71.0,38.0,5,33,150.0,74.0,28,46,0.5067873303167421,0.49333333333333335,0.5352112676056338
행촌동,1094.0,385.0,166,219,444.0,168.0,62,106,650.0,217.0,104,113,0.35191956124314444,0.33384615384615385,0.3783783783783784
구기동,637.0,171.0,62,109,247.0,83.0,27,56,390.0,88.0,35,53,0.2684458398744113,0.22564102564102564,0.3360323886639676
평창동,1611.0,422.0,123,299,650.0,226.0,56,170,961.0,196.0,67,129,0.26194909993792675,0.20395421436004163,0.3476923076923077
부암동,857.0,304.0,116,188,361.0,141.0,51,90,496.0,163.0,65,98,0.3547257876312719,0.3286290322580645,0.39058171745152354
홍지동,345.0,135.0,71,64,155.0,70.0,34,36,190.0,65.0,37,28,0.391304347826087,0.34210526315789475,0.45161290322580644
신영동,481.0,122.0,26,96,194.0,59.0,9,50,287.0,63.0,17,46,0.25363825363825365,0.21951219512195122,0.30412371134020616
무악동,710.0,111.0,20,91,280.0,65.0,10,55,430.0,46.0,10,36,0.1563380281690141,0.10697674418604651,0.23214285714285715
무교동,6.0,0.0,0,0,4.0,0.0,0,0,2.0,0.0,0,0,0.0,0.0,0.0
다동,41.0,11.0,6,5,30.0,9.0,5,4,11.0,2.0,1,1,0.2682926829268293,0.18181818181818182,0.3
태평로1가,2.0,0.0,0,0,1.0,0.0,0,0,1.0,0.0,0,0,0.0,0.0,0.0
을지로1가,1.0,0.0,0,0,1.0,0.0,0,0,0.0,0.0,0,0,0.0,0.0,0.0
을지로2가,43.0,16.0,8,8,32.0,10.0,5,5,11.0,6.0,3,3,0.37209302325581395,0.5454545454545454,0.3125
남대문로1가,0.0,0.0,0,0,0.0,0.0,0,0,0.0,0.0,0,0,0.0,0.0,0.0
삼각동,1.0,0.0,0,0,1.0,0.0,0,0,0.0,0.0,0,0,0.0,0.0,0.0
수하동,0.0,0.0,0,0,0.0,0.0,0,0,0.0,0.0,0,0,0.0,0.0,0.0
장교동,2.0,0.0,0,0,1.0,0.0,0,0,1.0,0.0,0,0,0.0,0.0,0.0
수표동,5.0,0.0,0,0,4.0,0.0,0,0,1.0,0.0,0,0,0.0,0.0,0.0
소공동,1.0,0.0,0,0,1.0,0.0,0,0,0.0,0.0,0,0,0.0,0.0,0.0
남창동,164.0,28.0,12,16,90.0,14.0,5,9,74.0,14.0,7,7,0.17073170731707318,0.1891891891891892,0.15555555555555556
북창동,129.0,35.0,12,23,90.0,26.0,8,18,39.0,9.0,4,5,0.2713178294573643,0.23076923076923078,0.28888888888888886
태평로2가,43.0,14.0,7,7,30.0,8.0,2,6,13.0,6.0,5,1,0.32558139534883723,0.46153846153846156,0.26666666666666666
남대문로2가,1.0,0.0,0,0,1.0,0.0,0,0,0.0,0.0,0,0,0.0,0.0,0.0
남대문로3가,8.0,0.0,0,0,3.0,0.0,0,0,5.0,0.0,0,0,0.0,0.0,0.0
남대문로4가,2.0,1.0,0,1,2.0,1.0,0,1,0.0,0.0,0,0,0.5,0.0,0.5
남대문로5가,400.0,11.0,1,10,341.0,7.0,0,7,59.0,4.0,1,3,0.0275,0.06779661016949153,0.020527859237536656
봉래동1가,41.0,1.0,0,1,41.0,1.0,0,1,0.0,0.0,0,0,0.024390243902439025,0.0,0.024390243902439025
봉래동2가,0.0,0.0,0,0,0.0,0.0,0,0,0.0,0.0,0,0,0.0,0.0,0.0
회현동1가,929.0,236.0,93,143,505.0,136.0,58,78,424.0,100.0,35,65,0.25403659849300325,0.2358490566037736,0.2693069306930693
회현동2가,153.0,40.0,17,23,61.0,15.0,5,10,92.0,25.0,12,13,0.26143790849673204,0.2717391304347826,0.2459016393442623
회현동3가,26.0,9.0,4,5,15.0,6.0,2,4,11.0,3.0,2,1,0.34615384615384615,0.2727272727272727,0.4
충무로1가,11.0,2.0,1,1,8.0,1.0,0,1,3.0,1.0,1,0,0.18181818181818182,0.3333333333333333,0.125
충무로2가,216.0,170.0,95,75,105.0,76.0,31,45,111.0,94.0,64,30,0.7870370370370371,0.8468468468468469,0.7238095238095238
명동1가,10.0,2.0,1,1,7.0,2.0,1,1,3.0,0.0,0,0,0.2,0.0,0.2857142857142857
명동2가,45.0,4.0,1,3,36.0,4.0,1,3,9.0,0.0,0,0,0.08888888888888889,0.0,0.1111111111111111
남산동1가,75.0,21.0,8,13,43.0,13.0,5,8,32.0,8.0,3,5,0.28,0.25,0.3023255813953488
남산동2가,249.0,84.0,39,45,137.0,54.0,25,29,112.0,30.0,14,16,0.3373493975903614,0.26785714285714285,0.39416058394160586
남산동3가,26.0,13.0,5,8,14.0,7.0,2,5,12.0,6.0,3,3,0.5,0.5,0.5
저동1가,7.0,0.0,0,0,4.0,0.0,0,0,3.0,0.0,0,0,0.0,0.0,0.0
충무로4가,305.0,77.0,31,46,157.0,36.0,13,23,148.0,41.0,18,23,0.25245901639344265,0.27702702702702703,0.22929936305732485
충무로5가,452.0,313.0,169,144,213.0,129.0,58,71,239.0,184.0,111,73,0.6924778761061947,0.7698744769874477,0.6056338028169014
인현동2가,641.0,369.0,126,243,309.0,189.0,55,134,332.0,180.0,71,109,0.5756630265210608,0.5421686746987951,0.6116504854368932
예관동,16.0,0.0,0,0,10.0,0.0,0,0,6.0,0.0,0,0,0.0,0.0,0.0
묵정동,434.0,263.0,174,89,216.0,123.0,74,49,218.0,140.0,100,40,0.6059907834101382,0.6422018348623854,0.5694444444444444
필동1가,98.0,57.0,21,36,53.0,27.0,6,21,45.0,30.0,15,15,0.5816326530612245,0.6666666666666666,0.5094339622641509
필동2가,312.0,128.0,72,56,174.0,66.0,34,32,138.0,62.0,38,24,0.41025641025641024,0.4492753623188406,0.3793103448275862
필동3가,403.0,229.0,156,73,224.0,124.0,88,36,179.0,105.0,68,37,0.5682382133995038,0.5865921787709497,0.5535714285714286
남학동,13.0,0.0,0,0,7.0,0.0,0,0,6.0,0.0,0,0,0.0,0.0,0.0
주자동,16.0,1.0,0,1,13.0,1.0,0,1,3.0,0.0,0,0,0.0625,0.0,0.07692307692307693
예장동,236.0,107.0,46,61,137.0,76.0,33,43,99.0,31.0,13,18,0.4533898305084746,0.31313131313131315,0.5547445255474452
장충동1가,517.0,267.0,156,111,267.0,139.0,80,59,250.0,128.0,76,52,0.5164410058027079,0.512,0.5205992509363296
장충동2가,1316.0,818.0,602,216,766.0,516.0,379,137,550.0,302.0,223,79,0.621580547112462,0.5490909090909091,0.6736292428198434
광희동1가,260.0,137.0,92,45,133.0,53.0,31,22,127.0,84.0,61,23,0.5269230769230769,0.6614173228346457,0.39849624060150374
광희동2가,325.0,157.0,82,75,163.0,81.0,43,38,162.0,76.0,39,37,0.48307692307692307,0.4691358024691358,0.49693251533742333
쌍림동,327.0,148.0,87,61,164.0,64.0,32,32,163.0,84.0,55,29,0.4525993883792049,0.5153374233128835,0.3902439024390244
을지로6가,101.0,57.0,26,31,54.0,21.0,8,13,47.0,36.0,18,18,0.5643564356435643,0.7659574468085106,0.3888888888888889
을지로7가,32.0,6.0,4,2,20.0,2.0,1,1,12.0,4.0,3,1,0.1875,0.3333333333333333,0.1
을지로4가,88.0,41.0,16,25,56.0,21.0,7,14,32.0,20.0,9,11,0.4659090909090909,0.625,0.375
을지로5가,196.0,120.0,56,64,98.0,58.0,20,38,98.0,62.0,36,26,0.6122448979591837,0.6326530612244898,0.5918367346938775
주교동,183.0,31.0,14,17,153.0,27.0,13,14,30.0,4.0,1,3,0.16939890710382513,0.13333333333333333,0.17647058823529413
방산동,32.0,2.0,2,0,27.0,2.0,2,0,5.0,0.0,0,0,0.0625,0.0,0.07407407407407407
오장동,594.0,439.0,277,162,301.0,190.0,96,94,293.0,249.0,181,68,0.7390572390572391,0.8498293515358362,0.6312292358803987
을지로3가,185.0,44.0,10,34,134.0,24.0,4,20,51.0,20.0,6,14,0.23783783783783785,0.39215686274509803,0.1791044776119403
입정동,528.0,329.0,70,259,298.0,208.0,34,174,230.0,121.0,36,85,0.6231060606060606,0.5260869565217391,0.697986577181208
산림동,67.0,7.0,2,5,44.0,2.0,1,1,23.0,5.0,1,4,0.1044776119402985,0.21739130434782608,0.045454545454545456
충무로3가,219.0,119.0,53,66,159.0,70.0,23,47,60.0,49.0,30,19,0.54337899543379,0.8166666666666667,0.44025157232704404
초동,48.0,13.0,8,5,38.0,10.0,6,4,10.0,3.0,2,1,0.2708333333333333,0.3,0.2631578947368421
인현동1가,56.0,9.0,4,5,35.0,3.0,0,3,21.0,6.0,4,2,0.16071428571428573,0.2857142857142857,0.08571428571428572
저동2가,160.0,116.0,54,62,74.0,47.0,15,32,86.0,69.0,39,30,0.725,0.8023255813953488,0.6351351351351351
신당동,15000.0,5088.0,"2,170","2,918",7075.0,2508.0,925,"1,583",7925.0,2580.0,"1,245","1,335",0.3392,0.32555205047318614,0.3544876325088339
흥인동,1052.0,697.0,360,337,439.0,251.0,97,154,613.0,446.0,263,183,0.6625475285171103,0.7275693311582382,0.571753986332574
무학동,125.0,70.0,37,33,67.0,33.0,12,21,58.0,37.0,25,12,0.56,0.6379310344827587,0.4925373134328358
황학동,4440.0,2445.0,"1,130","1,315",2078.0,1085.0,414,671,2362.0,1360.0,716,644,0.5506756756756757,0.5757832345469941,0.5221366698748797
서소문동,8.0,2.0,0,2,5.0,1.0,0,1,3.0,1.0,0,1,0.25,0.3333333333333333,0.2
정동,165.0,97.0,41,56,59.0,38.0,11,27,106.0,59.0,30,29,0.5878787878787879,0.5566037735849056,0.6440677966101694
순화동,325.0,139.0,25,114,131.0,59.0,7,52,194.0,80.0,18,62,0.4276923076923077,0.41237113402061853,0.45038167938931295
의주로1가,66.0,38.0,12,26,28.0,14.0,5,9,38.0,24.0,7,17,0.5757575757575758,0.631578947368421,0.5
충정로1가,0.0,0.0,0,0,0.0,0.0,0,0,0.0,0.0,0,0,0.0,0.0,0.0
중림동,2132.0,748.0,326,422,1118.0,322.0,104,218,1014.0,426.0,222,204,0.350844277673546,0.42011834319526625,0.2880143112701252
의주로2가,3.0,0.0,0,0,3.0,0.0,0,0,0.0,0.0,0,0,0.0,0.0,0.0
만리동1가,237.0,94.0,26,68,116.0,48.0,14,34,121.0,46.0,12,34,0.39662447257383965,0.38016528925619836,0.41379310344827586
만리동2가,452.0,150.0,34,116,208.0,65.0,17,48,244.0,85.0,17,68,0.33185840707964603,0.3483606557377049,0.3125
후암동,4271.0,1822.0,693,"1,129",2050.0,925.0,307,618,2221.0,897.0,386,511,0.42659798642004215,0.40387212967131925,0.45121951219512196
용산동2가,2781.0,1310.0,522,788,1378.0,709.0,275,434,1403.0,601.0,247,354,0.47105357784969437,0.42836778332145403,0.5145137880986937
용산동4가,2.0,2.0,2,0,2.0,2.0,2,0,0.0,0.0,0,0,1.0,0.0,1.0
갈월동,1286.0,446.0,193,253,817.0,236.0,85,151,469.0,210.0,108,102,0.3468118195956454,0.44776119402985076,0.28886168910648713
남영동,393.0,72.0,22,50,313.0,44.0,10,34,80.0,28.0,12,16,0.183206106870229,0.35,0.14057507987220447
용산동1가,0.0,0.0,0,0,0.0,0.0,0,0,0.0,0.0,0,0,0.0,0.0,0.0
동자동,2042.0,384.0,151,233,1524.0,195.0,51,144,518.0,189.0,100,89,0.188050930460333,0.36486486486486486,0.1279527559055118
서계동,1837.0,672.0,265,407,1004.0,407.0,150,257,833.0,265.0,115,150,0.3658138268916712,0.31812725090036015,0.40537848605577687
청파동1가,2088.0,1058.0,476,582,1124.0,565.0,206,359,964.0,493.0,270,223,0.5067049808429118,0.5114107883817427,0.5026690391459074
청파동2가,1304.0,875.0,606,269,435.0,236.0,102,134,869.0,639.0,504,135,0.6710122699386503,0.7353279631760644,0.542528735632184
청파동3가,1842.0,1234.0,811,423,671.0,360.0,160,200,1171.0,874.0,651,223,0.6699239956568946,0.7463706233988044,0.5365126676602087
원효로1가,2698.0,1902.0,855,"1,047",1138.0,760.0,246,514,1560.0,1142.0,609,533,0.7049666419570052,0.732051282051282,0.6678383128295254
원효로2가,788.0,404.0,159,245,457.0,218.0,66,152,331.0,186.0,93,93,0.5126903553299492,0.5619335347432024,0.47702407002188185
신창동,501.0,240.0,93,147,253.0,140.0,53,87,248.0,100.0,40,60,0.47904191616766467,0.4032258064516129,0.5533596837944664
산천동,514.0,115.0,29,86,238.0,69.0,14,55,276.0,46.0,15,31,0.2237354085603113,0.16666666666666666,0.28991596638655465
청암동,52.0,15.0,4,11,23.0,7.0,1,6,29.0,8.0,3,5,0.28846153846153844,0.27586206896551724,0.30434782608695654
원효로3가,909.0,568.0,255,313,439.0,241.0,84,157,470.0,327.0,171,156,0.6248624862486248,0.6957446808510638,0.5489749430523918
원효로4가,617.0,295.0,108,187,287.0,146.0,44,102,330.0,149.0,64,85,0.47811993517017826,0.45151515151515154,0.5087108013937283
효창동,1788.0,907.0,371,536,759.0,400.0,121,279,1029.0,507.0,250,257,0.5072706935123042,0.49271137026239065,0.5270092226613966
도원동,583.0,116.0,37,79,238.0,68.0,15,53,345.0,48.0,22,26,0.19897084048027444,0.1391304347826087,0.2857142857142857
용문동,1544.0,829.0,338,491,708.0,409.0,145,264,836.0,420.0,193,227,0.5369170984455959,0.5023923444976076,0.577683615819209
문배동,1355.0,888.0,327,561,518.0,323.0,85,238,837.0,565.0,242,323,0.6553505535055351,0.6750298685782556,0.6235521235521235
신계동,388.0,153.0,46,107,202.0,93.0,25,68,186.0,60.0,21,39,0.3943298969072165,0.3225806451612903,0.4603960396039604
한강로1가,1147.0,657.0,209,448,522.0,291.0,95,196,625.0,366.0,114,252,0.5727986050566696,0.5856,0.5574712643678161
한강로2가,3083.0,2129.0,809,"1,320",1332.0,888.0,266,622,1751.0,1241.0,543,698,0.6905611417450536,0.7087378640776699,0.6666666666666666
용산동3가,143.0,75.0,44,31,102.0,58.0,37,21,41.0,17.0,7,10,0.5244755244755245,0.4146341463414634,0.5686274509803921
용산동5가,184.0,26.0,0,26,86.0,12.0,0,12,98.0,14.0,0,14,0.14130434782608695,0.14285714285714285,0.13953488372093023
한강로3가,1506.0,498.0,132,366,740.0,242.0,47,195,766.0,256.0,85,171,0.33067729083665337,0.3342036553524804,0.327027027027027
이촌동,3117.0,625.0,140,485,1202.0,357.0,63,294,1915.0,268.0,77,191,0.20051331408405518,0.13994778067885116,0.29700499168053246
이태원동,4686.0,2230.0,783,"1,447",2328.0,1268.0,426,842,2358.0,962.0,357,605,0.47588561673068713,0.4079728583545377,0.5446735395189003
한남동,4635.0,1760.0,514,"1,246",2240.0,892.0,237,655,2395.0,868.0,277,591,0.37971952535059333,0.3624217118997912,0.3982142857142857
동빙고동,798.0,254.0,73,181,378.0,139.0,36,103,420.0,115.0,37,78,0.3182957393483709,0.27380952380952384,0.36772486772486773
서빙고동,675.0,197.0,58,139,295.0,108.0,34,74,380.0,89.0,24,65,0.29185185185185186,0.23421052631578948,0.36610169491525424
주성동,194.0,63.0,18,45,116.0,44.0,11,33,78.0,19.0,7,12,0.3247422680412371,0.24358974358974358,0.3793103448275862
용산동6가,0.0,0.0,0,0,0.0,0.0,0,0,0.0,0.0,0,0,0.0,0.0,0.0
보광동,3237.0,1137.0,409,728,1650.0,718.0,252,466,1587.0,419.0,157,262,0.35125115848007415,0.2640201638311279,0.4351515151515152
상왕십리동,609.0,295.0,101,194,253.0,117.0,32,85,356.0,178.0,69,109,0.48440065681444994,0.5,0.4624505928853755
하왕십리동,4390.0,1739.0,706,"1,033",1940.0,831.0,302,529,2450.0,908.0,404,504,0.39612756264236904,0.3706122448979592,0.4283505154639175
홍익동,1204.0,424.0,200,224,558.0,191.0,82,109,646.0,233.0,118,115,0.3521594684385382,0.3606811145510836,0.34229390681003585
도선동,2004.0,1410.0,824,586,883.0,568.0,300,268,1121.0,842.0,524,318,0.7035928143712575,0.7511150758251561,0.6432616081540203
마장동,5393.0,2797.0,"1,860",937,2751.0,1463.0,907,556,2642.0,1334.0,953,381,0.5186352679399221,0.5049205147615443,0.5318066157760815
사근동,3080.0,2242.0,"1,858",384,1767.0,1385.0,"1,130",255,1313.0,857.0,728,129,0.727922077922078,0.6527037319116527,0.7838143746462931
행당동,8396.0,4573.0,"2,960","1,613",4137.0,2480.0,"1,529",951,4259.0,2093.0,"1,431",662,0.5446641257741782,0.4914299131251467,0.5994682136814117
응봉동,1617.0,429.0,136,293,704.0,260.0,79,181,913.0,169.0,57,112,0.2653061224489796,0.1851040525739321,0.3693181818181818
금호동1가,2293.0,603.0,186,417,973.0,302.0,78,224,1320.0,301.0,108,193,0.262974269515918,0.22803030303030303,0.3103802672147996
금호동2가,1472.0,488.0,171,317,639.0,242.0,78,164,833.0,246.0,93,153,0.33152173913043476,0.29531812725090034,0.37871674491392804
금호동3가,2126.0,676.0,218,458,982.0,390.0,113,277,1144.0,286.0,105,181,0.3179680150517404,0.25,0.3971486761710794
금호동4가,2353.0,645.0,185,460,998.0,324.0,94,230,1355.0,321.0,91,230,0.27411814704632387,0.23690036900369005,0.3246492985971944
옥수동,3221.0,937.0,241,696,1284.0,427.0,82,345,1937.0,510.0,159,351,0.2909034461347408,0.2632937532266391,0.3325545171339564
성수동1가,6100.0,2876.0,"1,146","1,730",3196.0,1510.0,561,949,2904.0,1366.0,585,781,0.47147540983606556,0.4703856749311295,0.47246558197747185
성수동2가,6609.0,2775.0,"1,130","1,645",3722.0,1439.0,513,926,2887.0,1336.0,617,719,0.4198819791193827,0.4627641149982681,0.3866200967221924
송정동,3079.0,1187.0,571,616,1833.0,665.0,289,376,1246.0,522.0,282,240,0.3855147775251705,0.4189406099518459,0.3627932351336607
용답동,5220.0,2826.0,"1,672","1,154",2799.0,1312.0,696,616,2421.0,1514.0,976,538,0.5413793103448276,0.6253614209004543,0.46873883529832083
중곡동,20113.0,8703.0,"3,922","4,781",9685.0,4134.0,"1,597","2,537",10428.0,4569.0,"2,325","2,244",0.43270521553224284,0.43814729574223243,0.4268456375838926
능동,3959.0,2461.0,"1,252","1,209",1778.0,1065.0,497,568,2181.0,1396.0,755,641,0.6216216216216216,0.6400733608436497,0.5989876265466817
구의동,16569.0,8252.0,"3,838","4,414",7770.0,3946.0,"1,608","2,338",8799.0,4306.0,"2,230","2,076",0.4980385056430684,0.48937379247641777,0.5078507078507078
광장동,2295.0,746.0,287,459,1035.0,421.0,156,265,1260.0,325.0,131,194,0.3250544662309368,0.25793650793650796,0.4067632850241546
자양동,20461.0,9214.0,"4,405","4,809",10079.0,4748.0,"2,023","2,725",10382.0,4466.0,"2,382","2,084",0.45032012120619713,0.4301675977653631,0.4710784800079373
화양동,15113.0,11988.0,"8,531","3,457",7203.0,5470.0,"3,612","1,858",7910.0,6518.0,"4,919","1,599",0.7932243763647191,0.8240202275600506,0.7594058031375815
군자동,7071.0,4274.0,"2,532","1,742",3584.0,2145.0,"1,205",940,3487.0,2129.0,"1,327",802,0.6044406731721115,0.610553484370519,0.5984933035714286
신설동,2385.0,1386.0,802,584,1250.0,565.0,266,299,1135.0,821.0,536,285,0.5811320754716981,0.7233480176211454,0.452
용두동,10431.0,5408.0,"2,898","2,510",5259.0,2610.0,"1,262","1,348",5172.0,2798.0,"1,636","1,162",0.518454606461509,0.5409899458623356,0.49629207073588133
제기동,7645.0,3395.0,"2,346","1,049",4312.0,1999.0,"1,328",671,3333.0,1396.0,"1,018",378,0.44408109875735774,0.41884188418841883,0.4635899814471243
전농동,10422.0,3740.0,"2,017","1,723",5355.0,2018.0,961,"1,057",5067.0,1722.0,"1,056",666,0.3588562655920169,0.339846062759029,0.376844070961718
답십리동,10119.0,4054.0,"1,845","2,209",4648.0,1842.0,690,"1,152",5471.0,2212.0,"1,155","1,057",0.4006324735645815,0.4043136538110035,0.39629948364888123
장안동,13877.0,5326.0,"2,361","2,965",7126.0,2664.0,931,"1,733",6751.0,2662.0,"1,430","1,232",0.3838005332564675,0.3943119537846245,0.3738422677518945
청량리동,5366.0,1345.0,685,660,2666.0,678.0,305,373,2700.0,667.0,380,287,0.2506522549385017,0.24703703703703703,0.25431357839459867
회기동,4692.0,3377.0,"2,577",800,2263.0,1679.0,"1,197",482,2429.0,1698.0,"1,380",318,0.7197357203751066,0.6990531082750103,0.7419354838709677
휘경동,11599.0,7647.0,"5,843","1,804",5835.0,3950.0,"2,861","1,089",5764.0,3697.0,"2,982",715,0.6592809724976291,0.6413948646773074,0.676949443016281
이문동,10364.0,5676.0,"4,322","1,354",5047.0,2815.0,"1,985",830,5317.0,2861.0,"2,337",524,0.5476649942107294,0.5380853864961445,0.5577570834158906
면목동,32642.0,10145.0,"4,362","5,783",16789.0,5238.0,"1,933","3,305",15853.0,4907.0,"2,429","2,478",0.3107959071135347,0.3095313189932505,0.31198999344809103
상봉동,11679.0,5603.0,"2,747","2,856",5470.0,2407.0,983,"1,424",6209.0,3196.0,"1,764","1,432",0.4797499785940577,0.5147366725720728,0.440036563071298
중화동,11187.0,3450.0,"1,521","1,929",6069.0,1813.0,679,"1,134",5118.0,1637.0,842,795,0.30839367122552963,0.31985150449394295,0.29873125720876587
묵동,9970.0,3869.0,"1,898","1,971",4641.0,1763.0,696,"1,067",5329.0,2106.0,"1,202",904,0.3880641925777332,0.3951960968286733,0.37987502693385045
망우동,12700.0,3842.0,"1,733","2,109",6605.0,1867.0,679,"1,188",6095.0,1975.0,"1,054",921,0.3025196850393701,0.3240360951599672,0.282664647993944
신내동,7313.0,1802.0,613,"1,189",3101.0,896.0,242,654,4212.0,906.0,371,535,0.2464105018460276,0.2150997150997151,0.28893905191873587
성북동,2265.0,834.0,299,535,999.0,400.0,123,277,1266.0,434.0,176,258,0.36821192052980134,0.34281200631911535,0.4004004004004004
성북동1가,726.0,427.0,260,167,296.0,180.0,96,84,430.0,247.0,164,83,0.5881542699724518,0.5744186046511628,0.6081081081081081
돈암동,3880.0,957.0,314,643,1565.0,509.0,151,358,2315.0,448.0,163,285,0.2466494845360825,0.19352051835853132,0.32523961661341855
동소문동1가,350.0,206.0,110,96,174.0,100.0,53,47,176.0,106.0,57,49,0.5885714285714285,0.6022727272727273,0.5747126436781609
동소문동2가,168.0,53.0,21,32,77.0,32.0,12,20,91.0,21.0,9,12,0.31547619047619047,0.23076923076923078,0.4155844155844156
동소문동3가,89.0,31.0,18,13,59.0,13.0,4,9,30.0,18.0,14,4,0.34831460674157305,0.6,0.22033898305084745
동소문동4가,788.0,490.0,295,195,304.0,191.0,90,101,484.0,299.0,205,94,0.6218274111675127,0.6177685950413223,0.6282894736842105
동소문동5가,340.0,164.0,125,39,137.0,46.0,31,15,203.0,118.0,94,24,0.4823529411764706,0.5812807881773399,0.3357664233576642
동소문동6가,940.0,656.0,473,183,281.0,175.0,92,83,659.0,481.0,381,100,0.6978723404255319,0.7298937784522003,0.6227758007117438
동소문동7가,308.0,159.0,91,68,118.0,60.0,24,36,190.0,99.0,67,32,0.5162337662337663,0.5210526315789473,0.5084745762711864
삼선동1가,1387.0,636.0,348,288,730.0,366.0,194,172,657.0,270.0,154,116,0.4585436193222783,0.410958904109589,0.5013698630136987
삼선동2가,790.0,378.0,223,155,363.0,198.0,106,92,427.0,180.0,117,63,0.47848101265822784,0.4215456674473068,0.5454545454545454
삼선동3가,629.0,256.0,146,110,276.0,140.0,74,66,353.0,116.0,72,44,0.4069952305246423,0.3286118980169972,0.5072463768115942
삼선동4가,1157.0,635.0,412,223,497.0,238.0,136,102,660.0,397.0,276,121,0.5488331892826275,0.6015151515151516,0.4788732394366197
삼선동5가,1439.0,873.0,517,356,633.0,378.0,200,178,806.0,495.0,317,178,0.606671299513551,0.6141439205955335,0.5971563981042654
동선동1가,773.0,531.0,384,147,287.0,170.0,109,61,486.0,361.0,275,86,0.6869340232858991,0.742798353909465,0.5923344947735192
동선동2가,1236.0,960.0,721,239,377.0,269.0,155,114,859.0,691.0,566,125,0.7766990291262136,0.8044237485448196,0.713527851458886
동선동3가,1475.0,1006.0,720,286,504.0,300.0,155,145,971.0,706.0,565,141,0.6820338983050848,0.7270854788877446,0.5952380952380952
동선동4가,1149.0,768.0,508,260,431.0,255.0,128,127,718.0,513.0,380,133,0.6684073107049608,0.7144846796657381,0.5916473317865429
동선동5가,666.0,420.0,274,146,296.0,191.0,115,76,370.0,229.0,159,70,0.6306306306306306,0.6189189189189189,0.6452702702702703
안암동1가,1322.0,874.0,648,226,614.0,410.0,281,129,708.0,464.0,367,97,0.6611195158850227,0.655367231638418,0.6677524429967426
안암동2가,1358.0,1016.0,772,244,715.0,547.0,402,145,643.0,469.0,370,99,0.748159057437408,0.7293934681181959,0.765034965034965
안암동3가,1192.0,651.0,442,209,654.0,408.0,272,136,538.0,243.0,170,73,0.5461409395973155,0.4516728624535316,0.6238532110091743
안암동4가,436.0,296.0,217,79,234.0,153.0,102,51,202.0,143.0,115,28,0.6788990825688074,0.7079207920792079,0.6538461538461539
안암동5가,2909.0,2383.0,"2,066",317,1609.0,1346.0,"1,141",205,1300.0,1037.0,925,112,0.8191818494327948,0.7976923076923077,0.836544437538844
보문동4가,273.0,117.0,61,56,134.0,52.0,24,28,139.0,65.0,37,28,0.42857142857142855,0.4676258992805755,0.3880597014925373
보문동5가,620.0,294.0,165,129,321.0,142.0,70,72,299.0,152.0,95,57,0.47419354838709676,0.5083612040133779,0.4423676012461059
보문동6가,1105.0,418.0,172,246,515.0,222.0,82,140,590.0,196.0,90,106,0.3782805429864253,0.33220338983050846,0.43106796116504853
보문동7가,464.0,202.0,99,103,268.0,118.0,60,58,196.0,84.0,39,45,0.4353448275862069,0.42857142857142855,0.44029850746268656
보문동1가,285.0,151.0,93,58,125.0,69.0,36,33,160.0,82.0,57,25,0.5298245614035088,0.5125,0.552
보문동2가,979.0,596.0,373,223,430.0,253.0,144,109,549.0,343.0,229,114,0.6087844739530133,0.6247723132969034,0.5883720930232558
보문동3가,277.0,63.0,26,37,104.0,29.0,11,18,173.0,34.0,15,19,0.22743682310469315,0.19653179190751446,0.27884615384615385
정릉동,14695.0,5782.0,"3,738","2,044",7113.0,3283.0,"2,022","1,261",7582.0,2499.0,"1,716",783,0.3934671657026199,0.3295964125560538,0.46154927597356954
길음동,4479.0,941.0,328,613,1813.0,489.0,162,327,2666.0,452.0,166,286,0.21009153828979682,0.1695423855963991,0.26971869829012685
종암동,6859.0,2743.0,"1,676","1,067",3421.0,1595.0,924,671,3438.0,1148.0,752,396,0.3999125236915002,0.33391506689936007,0.4662379421221865
하월곡동,6863.0,2697.0,"1,588","1,109",3061.0,1142.0,523,619,3802.0,1555.0,"1,065",490,0.3929768322890864,0.4089952656496581,0.37308069258412285
상월곡동,2066.0,953.0,637,316,887.0,369.0,175,194,1179.0,584.0,462,122,0.4612778315585673,0.4953350296861747,0.4160090191657272
장위동,9355.0,2917.0,"1,298","1,619",4478.0,1470.0,536,934,4877.0,1447.0,762,685,0.311811865312667,0.2966987902399016,0.3282715497990174
석관동,7442.0,2608.0,"1,424","1,184",3732.0,1332.0,618,714,3710.0,1276.0,806,470,0.35044342918570276,0.34393530997304583,0.35691318327974275
미아동,26769.0,7612.0,"3,893","3,719",13001.0,3806.0,"1,618","2,188",13768.0,3806.0,"2,275","1,531",0.284358773207815,0.27643811737362,0.29274671179140066
번동,12071.0,3522.0,"1,819","1,703",5630.0,1767.0,783,984,6441.0,1755.0,"1,036",719,0.2917736724380747,0.2724732184443409,0.313854351687389
수유동,25376.0,8368.0,"4,465","3,903",12059.0,3936.0,"1,665","2,271",13317.0,4432.0,"2,800","1,632",0.3297604035308953,0.3328076894195389,0.32639522348453437
우이동,2292.0,585.0,305,280,995.0,245.0,77,168,1297.0,340.0,228,112,0.25523560209424084,0.26214340786430224,0.24623115577889448
쌍문동,12541.0,3655.0,"1,804","1,851",5473.0,1699.0,646,"1,053",7068.0,1956.0,"1,158",798,0.29144406347181245,0.2767402376910017,0.3104330348985931
방학동,11597.0,2327.0,973,"1,354",5636.0,1228.0,428,800,5961.0,1099.0,545,554,0.2006553418987669,0.18436503942291563,0.21788502484031227
창동,18618.0,5828.0,"2,289","3,539",8430.0,2908.0,939,"1,969",10188.0,2920.0,"1,350","1,570",0.3130304006875067,0.2866117000392619,0.3449584816132859
도봉동,9009.0,1699.0,615,"1,084",4467.0,906.0,276,630,4542.0,793.0,339,454,0.18858918858918858,0.174592690444738,0.2028206850235057
월계동,13614.0,3936.0,"2,234","1,702",6535.0,2403.0,"1,367","1,036",7079.0,1533.0,867,666,0.2891141472014103,0.21655601073597966,0.3677123182861515
공릉동,16273.0,8176.0,"5,812","2,364",7720.0,4077.0,"2,726","1,351",8553.0,4099.0,"3,086","1,013",0.5024273336201069,0.4792470478194785,0.5281088082901555
하계동,7313.0,2297.0,"1,507",790,2900.0,1181.0,756,425,4413.0,1116.0,751,365,0.3140981813209353,0.2528891910265126,0.4072413793103448
상계동,29936.0,7700.0,"2,643","5,057",13173.0,4100.0,"1,194","2,906",16763.0,3600.0,"1,449","2,151",0.2572153928380545,0.2147586947443775,0.3112426933879906
중계동,11734.0,1941.0,543,"1,398",4597.0,987.0,225,762,7137.0,954.0,318,636,0.16541673768535878,0.13366960907944514,0.2147052425494888
수색동,2307.0,803.0,257,546,1089.0,460.0,127,333,1218.0,343.0,130,213,0.3480710879930646,0.28160919540229884,0.42240587695133147
녹번동,7707.0,2608.0,"1,089","1,519",3409.0,1217.0,420,797,4298.0,1391.0,669,722,0.33839366809394056,0.3236389018147976,0.35699618656497506
불광동,14473.0,4712.0,"2,173","2,539",6570.0,2308.0,903,"1,405",7903.0,2404.0,"1,270","1,134",0.3255717543011124,0.3041882829305327,0.3512937595129376
갈현동,8339.0,2943.0,"1,385","1,558",3863.0,1444.0,557,887,4476.0,1499.0,828,671,0.35292001439021464,0.33489722966934765,0.37380274398136165
구산동,4929.0,1569.0,736,833,2095.0,701.0,274,427,2834.0,868.0,462,406,0.3183201460742544,0.30628087508821455,0.33460620525059664
대조동,8611.0,4304.0,"2,366","1,938",3744.0,1759.0,784,975,4867.0,2545.0,"1,582",963,0.4998258042039252,0.5229093897678241,0.46981837606837606
응암동,15830.0,5717.0,"2,537","3,180",6926.0,2583.0,951,"1,632",8904.0,3134.0,"1,586","1,548",0.3611497157296273,0.35197663971248877,0.3729425353739532
역촌동,8559.0,2920.0,"1,289","1,631",3721.0,1334.0,499,835,4838.0,1586.0,790,796,0.341161350625073,0.3278214138073584,0.35850577801666217
신사동,7996.0,2813.0,"1,244","1,569",3676.0,1341.0,502,839,4320.0,1472.0,742,730,0.3518009004502251,0.34074074074074073,0.3647986942328618
증산동,2848.0,917.0,334,583,1367.0,442.0,129,313,1481.0,475.0,205,270,0.3219803370786517,0.32072923700202566,0.3233357717629846
진관동,6564.0,3259.0,"1,473","1,786",2314.0,1084.0,363,721,4250.0,2175.0,"1,110","1,065",0.4964960390006094,0.5117647058823529,0.46845289541918755
충정로2가,511.0,323.0,151,172,246.0,134.0,52,82,265.0,189.0,99,90,0.6320939334637965,0.7132075471698113,0.5447154471544715
충정로3가,1732.0,961.0,434,527,806.0,410.0,152,258,926.0,551.0,282,269,0.5548498845265589,0.5950323974082073,0.5086848635235732
합동,402.0,236.0,80,156,177.0,106.0,30,76,225.0,130.0,50,80,0.5870646766169154,0.5777777777777777,0.5988700564971752
미근동,238.0,126.0,68,58,123.0,63.0,34,29,115.0,63.0,34,29,0.5294117647058824,0.5478260869565217,0.5121951219512195
냉천동,581.0,158.0,75,83,306.0,70.0,27,43,275.0,88.0,48,40,0.2719449225473322,0.32,0.22875816993464052
천연동,855.0,277.0,108,169,372.0,142.0,48,94,483.0,135.0,60,75,0.32397660818713453,0.2795031055900621,0.3817204301075269
옥천동,379.0,137.0,68,69,175.0,66.0,31,35,204.0,71.0,37,34,0.36147757255936674,0.3480392156862745,0.37714285714285717
영천동,361.0,75.0,33,42,162.0,45.0,16,29,199.0,30.0,17,13,0.2077562326869806,0.1507537688442211,0.2777777777777778
현저동,903.0,156.0,54,102,407.0,105.0,43,62,496.0,51.0,11,40,0.17275747508305647,0.1028225806451613,0.257985257985258
북아현동,5122.0,1872.0,812,"1,060",2466.0,933.0,343,590,2656.0,939.0,469,470,0.36548223350253806,0.35353915662650603,0.37834549878345497
홍제동,9141.0,2674.0,"1,068","1,606",3869.0,1301.0,454,847,5272.0,1373.0,614,759,0.2925281697844875,0.26043247344461307,0.3362626001550788
대현동,3921.0,3307.0,"2,668",639,889.0,691.0,485,206,3032.0,2616.0,"2,183",433,0.8434072940576384,0.862796833773087,0.7772778402699663
대신동,898.0,702.0,532,170,325.0,241.0,166,75,573.0,461.0,366,95,0.7817371937639198,0.8045375218150087,0.7415384615384616
신촌동,380.0,310.0,231,79,136.0,105.0,69,36,244.0,205.0,162,43,0.8157894736842105,0.8401639344262295,0.7720588235294118
봉원동,100.0,34.0,15,19,50.0,15.0,4,11,50.0,19.0,11,8,0.34,0.38,0.3
창천동,6801.0,5201.0,"3,574","1,627",3573.0,2781.0,"1,787",994,3228.0,2420.0,"1,787",633,0.7647404793412733,0.7496902106567535,0.7783375314861462
연희동,10675.0,6704.0,"4,353","2,351",5144.0,3451.0,"2,231","1,220",5531.0,3253.0,"2,122","1,131",0.6280093676814988,0.5881395769300307,0.6708786936236392
홍은동,8842.0,3082.0,"1,481","1,601",4086.0,1591.0,683,908,4756.0,1491.0,798,693,0.348563673377064,0.31349873843566023,0.38937836514929025
북가좌동,7831.0,2612.0,"1,197","1,415",3634.0,1360.0,537,823,4197.0,1252.0,660,592,0.33354616268675774,0.29830831546342623,0.37424325811777653
남가좌동,7042.0,2905.0,"1,742","1,163",3284.0,1459.0,812,647,3758.0,1446.0,930,516,0.4125248508946322,0.3847791378392762,0.44427527405602923
아현동,4934.0,2031.0,774,"1,257",2216.0,922.0,263,659,2718.0,1109.0,511,598,0.4116335630320227,0.4080206033848418,0.41606498194945846
공덕동,5836.0,2847.0,"1,253","1,594",2450.0,1127.0,382,745,3386.0,1720.0,871,849,0.48783413296778616,0.5079740106320142,0.46
신공덕동,2549.0,1337.0,663,674,925.0,447.0,138,309,1624.0,890.0,525,365,0.5245194193801491,0.5480295566502463,0.48324324324324325
도화동,4268.0,1819.0,599,"1,220",1800.0,844.0,216,628,2468.0,975.0,383,592,0.426194939081537,0.3950567260940032,0.4688888888888889
용강동,1018.0,356.0,119,237,498.0,192.0,51,141,520.0,164.0,68,96,0.34970530451866405,0.3153846153846154,0.3855421686746988
토정동,175.0,58.0,4,54,89.0,37.0,2,35,86.0,21.0,2,19,0.3314285714285714,0.2441860465116279,0.4157303370786517
마포동,635.0,343.0,134,209,333.0,189.0,65,124,302.0,154.0,69,85,0.5401574803149606,0.5099337748344371,0.5675675675675675
대흥동,3581.0,1785.0,"1,033",752,1653.0,853.0,425,428,1928.0,932.0,608,324,0.498464116168668,0.483402489626556,0.5160314579552329
염리동,3379.0,1754.0,890,864,1543.0,826.0,372,454,1836.0,928.0,518,410,0.5190884877182599,0.5054466230936819,0.5353208036292936
노고산동,3619.0,2405.0,"1,495",910,1804.0,1181.0,675,506,1815.0,1224.0,820,404,0.6645482177397071,0.6743801652892562,0.6546563192904656
신수동,3469.0,1935.0,"1,208",727,1832.0,1131.0,699,432,1637.0,804.0,509,295,0.5577976362063995,0.49114233353695785,0.61735807860262
현석동,644.0,236.0,92,144,267.0,116.0,39,77,377.0,120.0,53,67,0.36645962732919257,0.3183023872679045,0.4344569288389513
구수동,219.0,111.0,33,78,93.0,57.0,15,42,126.0,54.0,18,36,0.5068493150684932,0.42857142857142855,0.6129032258064516
창전동,3185.0,1962.0,"1,243",719,1495.0,989.0,575,414,1690.0,973.0,668,305,0.6160125588697017,0.5757396449704142,0.6615384615384615
상수동,2380.0,1647.0,"1,006",641,1146.0,835.0,501,334,1234.0,812.0,505,307,0.6920168067226891,0.6580226904376013,0.7286212914485166
하중동,91.0,26.0,9,17,38.0,11.0,1,10,53.0,15.0,8,7,0.2857142857142857,0.2830188679245283,0.2894736842105263
신정동,158.0,56.0,10,46,60.0,29.0,4,25,98.0,27.0,6,21,0.35443037974683544,0.2755102040816326,0.48333333333333334
당인동,376.0,220.0,101,119,207.0,126.0,51,75,169.0,94.0,50,44,0.5851063829787234,0.5562130177514792,0.6086956521739131
서교동,7664.0,4965.0,"2,581","2,384",3531.0,2295.0,"1,113","1,182",4133.0,2670.0,"1,468","1,202",0.6478340292275574,0.6460198403097024,0.6499575191163977
동교동,1708.0,1070.0,563,507,815.0,528.0,254,274,893.0,542.0,309,233,0.6264637002341921,0.606942889137738,0.6478527607361964
합정동,5214.0,2999.0,"1,312","1,687",2347.0,1375.0,547,828,2867.0,1624.0,765,859,0.5751822017644802,0.5664457621206836,0.585854282062207
망원동,8696.0,4233.0,"1,812","2,421",3770.0,1883.0,714,"1,169",4926.0,2350.0,"1,098","1,252",0.48677552897884085,0.4770604953308973,0.49946949602122015
연남동,5019.0,3046.0,"1,554","1,492",2318.0,1426.0,635,791,2701.0,1620.0,919,701,0.6068938035465232,0.5997778600518326,0.6151855047454702
성산동,13329.0,7347.0,"3,661","3,686",5008.0,2619.0,999,"1,620",8321.0,4728.0,"2,662","2,066",0.5512041413459374,0.5682009373873332,0.5229632587859425
중동,1067.0,452.0,200,252,487.0,225.0,84,141,580.0,227.0,116,111,0.42361761949390814,0.3913793103448276,0.4620123203285421
상암동,4772.0,2557.0,"1,337","1,220",1948.0,1030.0,429,601,2824.0,1527.0,908,619,0.5358340318524728,0.5407223796033994,0.528747433264887
신정동,21219.0,6200.0,"2,423","3,777",9586.0,3209.0,"1,030","2,179",11633.0,2991.0,"1,393","1,598",0.29219096093124086,0.2571133843376601,0.3347590235760484
목동,16637.0,6749.0,"2,582","4,167",7397.0,3250.0,997,"2,253",9240.0,3499.0,"1,585","1,914",0.4056620784997295,0.37867965367965367,0.43936731107205623
신월동,20871.0,5084.0,"1,920","3,164",10659.0,2857.0,949,"1,908",10212.0,2227.0,971,"1,256",0.24359158641176754,0.21807677242459853,0.26803640116333616
염창동,5112.0,3127.0,"1,257","1,870",2097.0,1278.0,400,878,3015.0,1849.0,857,992,0.611697965571205,0.6132669983416252,0.6094420600858369
등촌동,19265.0,9264.0,"3,798","5,466",8314.0,3975.0,"1,291","2,684",10951.0,5289.0,"2,507","2,782",0.4808720477549961,0.4829695918180988,0.4781092133750301
화곡동,51258.0,24733.0,"11,538","13,195",24746.0,12166.0,"4,724","7,442",26512.0,12567.0,"6,814","5,753",0.4825198017870381,0.47401176825588415,0.4916350117190657
가양동,10792.0,3385.0,995,"2,390",4656.0,1519.0,334,"1,185",6136.0,1866.0,661,"1,205",0.3136582653817643,0.30410691003911344,0.32624570446735396
마곡동,13791.0,10145.0,"4,935","5,210",5629.0,3780.0,"1,308","2,472",8162.0,6365.0,"3,627","2,738",0.7356246827641215,0.7798333741729968,0.6715224729081543
내발산동,4319.0,1374.0,590,784,1820.0,719.0,257,462,2499.0,655.0,333,322,0.31812919657328087,0.2621048419367747,0.39505494505494504
외발산동,253.0,110.0,74,36,166.0,92.0,66,26,87.0,18.0,8,10,0.43478260869565216,0.20689655172413793,0.5542168674698795
공항동,5558.0,2463.0,"1,117","1,346",3272.0,1467.0,584,883,2286.0,996.0,533,463,0.4431450161928751,0.4356955380577428,0.44834963325183375
방화동,14887.0,4946.0,"1,893","3,053",7328.0,2608.0,863,"1,745",7559.0,2338.0,"1,030","1,308",0.3322361792167663,0.3093001719804207,0.3558951965065502
개화동,393.0,85.0,25,60,248.0,58.0,14,44,145.0,27.0,11,16,0.21628498727735368,0.18620689655172415,0.23387096774193547
과해동,0.0,0.0,0,0,0.0,0.0,0,0,0.0,0.0,0,0,0.0,0.0,0.0
오곡동,6.0,0.0,0,0,6.0,0.0,0,0,0.0,0.0,0,0,0.0,0.0,0.0
오쇠동,10.0,6.0,4,2,7.0,5.0,4,1,3.0,1.0,0,1,0.6,0.3333333333333333,0.7142857142857143
신도림동,4033.0,2045.0,730,"1,315",1772.0,891.0,236,655,2261.0,1154.0,494,660,0.5070666997272502,0.5103936311366651,0.5028216704288939
구로동,31313.0,14752.0,"7,260","7,492",15952.0,7564.0,"3,100","4,464",15361.0,7188.0,"4,160","3,028",0.471114233704851,0.4679382852678862,0.474172517552658
가리봉동,4427.0,1936.0,"1,058",878,2717.0,1168.0,550,618,1710.0,768.0,508,260,0.437316467133499,0.44912280701754387,0.4298859035701141
고척동,8144.0,2500.0,994,"1,506",4225.0,1404.0,475,929,3919.0,1096.0,519,577,0.3069744597249509,0.2796631793824955,0.3323076923076923
개봉동,11882.0,2773.0,938,"1,835",5839.0,1553.0,438,"1,115",6043.0,1220.0,500,720,0.2333782191550244,0.2018864802250538,0.2659702003767768
오류동,10628.0,5036.0,"2,394","2,642",4973.0,2286.0,875,"1,411",5655.0,2750.0,"1,519","1,231",0.4738426797139631,0.48629531388152075,0.4596822843354112
궁동,2206.0,544.0,199,345,1047.0,285.0,107,178,1159.0,259.0,92,167,0.24660018132366274,0.22346850733390855,0.2722063037249284
온수동,1206.0,331.0,121,210,604.0,197.0,64,133,602.0,134.0,57,77,0.2744610281923715,0.22259136212624583,0.326158940397351
천왕동,1773.0,805.0,290,515,591.0,278.0,83,195,1182.0,527.0,207,320,0.45403271291596164,0.44585448392554994,0.4703891708967851
항동,1673.0,792.0,212,580,774.0,391.0,86,305,899.0,401.0,126,275,0.4734010759115362,0.4460511679644049,0.5051679586563308
가산동,14481.0,10307.0,"5,591","4,716",8290.0,5527.0,"2,524","3,003",6191.0,4780.0,"3,067","1,713",0.7117602375526552,0.7720885155871426,0.6667068757539204
독산동,29248.0,13720.0,"6,524","7,196",15830.0,7331.0,"2,923","4,408",13418.0,6389.0,"3,601","2,788",0.4690919037199125,0.4761514383663735,0.4631080227416298
시흥동,19643.0,5034.0,"1,983","3,051",9735.0,2717.0,913,"1,804",9908.0,2317.0,"1,070","1,247",0.2562744998218195,0.2338514331853048,0.2790960451977401
영등포동,3249.0,969.0,407,562,2026.0,572.0,210,362,1223.0,397.0,197,200,0.2982456140350877,0.32461161079313167,0.28232971372161897
영등포동1가,3343.0,2863.0,"1,596","1,267",1621.0,1308.0,601,707,1722.0,1555.0,995,560,0.8564163924618606,0.9030197444831591,0.8069093152375078
영등포동2가,3214.0,2487.0,"1,249","1,238",1761.0,1244.0,491,753,1453.0,1243.0,758,485,0.7738021157436217,0.8554714384033035,0.7064168086314594
영등포동3가,1761.0,1174.0,691,483,1011.0,540.0,253,287,750.0,634.0,438,196,0.6666666666666666,0.8453333333333334,0.5341246290801187
영등포동4가,1094.0,674.0,306,368,586.0,295.0,98,197,508.0,379.0,208,171,0.6160877513711152,0.7460629921259843,0.5034129692832765
영등포동5가,931.0,305.0,128,177,633.0,169.0,60,109,298.0,136.0,68,68,0.3276047261009667,0.4563758389261745,0.2669826224328594
영등포동6가,1246.0,740.0,350,390,775.0,405.0,175,230,471.0,335.0,175,160,0.593900481540931,0.7112526539278131,0.5225806451612903
영등포동7가,3246.0,2257.0,"1,043","1,214",1603.0,1070.0,411,659,1643.0,1187.0,632,555,0.6953173136167591,0.7224589166159464,0.6674984404242046
영등포동8가,1651.0,1196.0,524,672,704.0,477.0,156,321,947.0,719.0,368,351,0.7244094488188977,0.7592397043294614,0.6775568181818182
여의도동,4557.0,1908.0,550,"1,358",1941.0,903.0,204,699,2616.0,1005.0,346,659,0.4186965108624095,0.3841743119266055,0.4652241112828439
당산동1가,2509.0,1419.0,669,750,1325.0,709.0,262,447,1184.0,710.0,407,303,0.5655639697090474,0.5996621621621622,0.5350943396226415
당산동2가,1591.0,985.0,426,559,733.0,445.0,155,290,858.0,540.0,271,269,0.6191074795725958,0.6293706293706294,0.607094133697135
당산동3가,2503.0,1388.0,647,741,1223.0,671.0,264,407,1280.0,717.0,383,334,0.5545345585297643,0.56015625,0.5486508585445625
당산동4가,2178.0,1345.0,655,690,1028.0,641.0,261,380,1150.0,704.0,394,310,0.6175390266299358,0.6121739130434782,0.6235408560311284
당산동5가,2320.0,1604.0,720,884,851.0,568.0,190,378,1469.0,1036.0,530,506,0.6913793103448276,0.7052416609938734,0.6674500587544065
당산동6가,2082.0,1489.0,703,786,987.0,660.0,237,423,1095.0,829.0,466,363,0.7151777137367915,0.7570776255707763,0.668693009118541
당산동,3682.0,2995.0,"1,555","1,440",1545.0,1196.0,504,692,2137.0,1799.0,"1,051",748,0.8134166214014122,0.8418343472157229,0.7741100323624596
도림동,5263.0,2274.0,"1,037","1,237",2843.0,1222.0,484,738,2420.0,1052.0,553,499,0.43207296218886565,0.43471074380165287,0.429827646851917
문래동1가,160.0,44.0,23,21,110.0,22.0,11,11,50.0,22.0,12,10,0.275,0.44,0.2
문래동2가,227.0,67.0,24,43,125.0,42.0,16,26,102.0,25.0,8,17,0.29515418502202645,0.24509803921568626,0.336
문래동3가,1518.0,681.0,325,356,714.0,333.0,139,194,804.0,348.0,186,162,0.44861660079051385,0.43283582089552236,0.46638655462184875
문래동4가,218.0,58.0,28,30,120.0,34.0,13,21,98.0,24.0,15,9,0.26605504587155965,0.24489795918367346,0.2833333333333333
문래동5가,655.0,369.0,155,214,317.0,191.0,62,129,338.0,178.0,93,85,0.5633587786259542,0.5266272189349113,0.6025236593059937
문래동6가,1303.0,669.0,156,513,540.0,296.0,42,254,763.0,373.0,114,259,0.513430544896393,0.4888597640891219,0.5481481481481482
양평동1가,1338.0,714.0,369,345,636.0,349.0,140,209,702.0,365.0,229,136,0.5336322869955157,0.51994301994302,0.5487421383647799
양평동2가,2302.0,1353.0,503,850,1135.0,633.0,184,449,1167.0,720.0,319,401,0.5877497827975673,0.6169665809768637,0.5577092511013216
양평동3가,2315.0,1504.0,786,718,1057.0,664.0,272,392,1258.0,840.0,514,326,0.6496760259179266,0.6677265500794912,0.6281929990539262
양평동4가,2282.0,1510.0,684,826,1176.0,726.0,267,459,1106.0,784.0,417,367,0.6617002629272568,0.7088607594936709,0.6173469387755102
양평동5가,1245.0,831.0,337,494,533.0,350.0,119,231,712.0,481.0,218,263,0.6674698795180722,0.675561797752809,0.6566604127579737
양평동6가,1309.0,888.0,338,550,672.0,447.0,129,318,637.0,441.0,209,232,0.6783804430863254,0.6923076923076923,0.6651785714285714
양화동,0.0,0.0,0,0,0.0,0.0,0,0,0.0,0.0,0,0,0.0,0.0,0.0
신길동,23540.0,9846.0,"4,699","5,147",12081.0,5209.0,"2,085","3,124",11459.0,4637.0,"2,614","2,023",0.41826677994902295,0.4046600925037089,0.4311729161493254
대림동,11662.0,4205.0,"2,063","2,142",5885.0,2301.0,963,"1,338",5777.0,1904.0,"1,100",804,0.36057280054879093,0.329582828457677,0.39099405267629567
양평동,0.0,0.0,0,0,0.0,0.0,0,0,0.0,0.0,0,0,0.0,0.0,0.0
노량진동,11788.0,7097.0,"3,955","3,142",6660.0,4188.0,"2,091","2,097",5128.0,2909.0,"1,864","1,045",0.6020529351883271,0.5672776911076443,0.6288288288288288
상도동,25529.0,13315.0,"7,783","5,532",11982.0,6731.0,"3,665","3,066",13547.0,6584.0,"4,118","2,466",0.5215637118571037,0.4860116630988411,0.5617593056251043
상도1동,4534.0,3558.0,"2,920",638,2328.0,1916.0,"1,543",373,2206.0,1642.0,"1,377",265,0.7847375385972651,0.7443336355394379,0.8230240549828178
본동,2000.0,760.0,274,486,979.0,447.0,139,308,1021.0,313.0,135,178,0.38,0.30656219392752204,0.45658835546475995
흑석동,4680.0,2241.0,"1,452",789,2283.0,1253.0,768,485,2397.0,988.0,684,304,0.47884615384615387,0.4121818940342094,0.5488392466053439
동작동,457.0,94.0,22,72,190.0,57.0,13,44,267.0,37.0,9,28,0.20568927789934355,0.13857677902621723,0.3
사당동,23633.0,12343.0,"6,249","6,094",11093.0,5956.0,"2,601","3,355",12540.0,6387.0,"3,648","2,739",0.522278170355012,0.5093301435406699,0.5369151717299198
대방동,7665.0,4290.0,"2,243","2,047",3321.0,1896.0,841,"1,055",4344.0,2394.0,"1,402",992,0.5596868884540117,0.5511049723756906,0.5709123757904245
신대방동,9265.0,4866.0,"2,534","2,332",4404.0,2401.0,"1,074","1,327",4861.0,2465.0,"1,460","1,005",0.5252023745277927,0.507097305081259,0.5451861943687557
봉천동,77231.0,50902.0,"30,391","20,511",37871.0,25362.0,"13,579","11,783",39360.0,25540.0,"16,812","8,728",0.6590876720487887,0.6488821138211383,0.6696944891869768
신림동,95736.0,57754.0,"33,154","24,600",54423.0,33096.0,"17,080","16,016",41313.0,24658.0,"16,074","8,584",0.6032631403024985,0.5968581318229129,0.6081252411664186
남현동,5759.0,3824.0,"2,069","1,755",2917.0,1987.0,953,"1,034",2842.0,1837.0,"1,116",721,0.6640041673901719,0.6463757916959887,0.6811792937949949
방배동,13107.0,5278.0,"1,909","3,369",5576.0,2349.0,708,"1,641",7531.0,2929.0,"1,201","1,728",0.4026855878538186,0.38892577346965873,0.4212697274031564
양재동,8989.0,4389.0,"1,725","2,664",4655.0,2392.0,843,"1,549",4334.0,1997.0,882,"1,115",0.4882634330848815,0.46077526534379326,0.5138560687432868
우면동,3017.0,783.0,285,498,1296.0,428.0,141,287,1721.0,355.0,144,211,0.25952933377527343,0.2062754212667054,0.33024691358024694
원지동,56.0,8.0,4,4,38.0,4.0,3,1,18.0,4.0,1,3,0.14285714285714285,0.2222222222222222,0.10526315789473684
잠원동,4804.0,1736.0,594,"1,142",2020.0,844.0,262,582,2784.0,892.0,332,560,0.3613655287260616,0.3204022988505747,0.4178217821782178
반포동,8974.0,4072.0,"1,589","2,483",4284.0,2081.0,716,"1,365",4690.0,1991.0,873,"1,118",0.45375529306886564,0.4245202558635394,0.4857609710550887
서초동,19048.0,10541.0,"4,376","6,165",8447.0,4533.0,"1,529","3,004",10601.0,6008.0,"2,847","3,161",0.5533914321713566,0.5667389868880295,0.536640227299633
내곡동,785.0,181.0,75,106,379.0,116.0,51,65,406.0,65.0,24,41,0.23057324840764332,0.16009852216748768,0.30606860158311344
염곡동,176.0,49.0,9,40,94.0,28.0,4,24,82.0,21.0,5,16,0.2784090909090909,0.25609756097560976,0.2978723404255319
신원동,1230.0,484.0,179,305,554.0,208.0,61,147,676.0,276.0,118,158,0.3934959349593496,0.40828402366863903,0.37545126353790614
역삼동,24127.0,14404.0,"5,744","8,660",11797.0,6688.0,"2,296","4,392",12330.0,7716.0,"3,448","4,268",0.5970075019687487,0.6257907542579075,0.5669237941849623
개포동,9245.0,2746.0,896,"1,850",3986.0,1419.0,403,"1,016",5259.0,1327.0,493,834,0.297025419145484,0.2523293401787412,0.3559959859508279
청담동,4353.0,1992.0,739,"1,253",1725.0,762.0,218,544,2628.0,1230.0,521,709,0.45761543762922124,0.4680365296803653,0.44173913043478263
삼성동,8052.0,3959.0,"1,369","2,590",3634.0,1807.0,532,"1,275",4418.0,2152.0,837,"1,315",0.49167908594138104,0.4870982344952467,0.4972482113373693
대치동,8430.0,3854.0,"1,467","2,387",3857.0,1871.0,666,"1,205",4573.0,1983.0,801,"1,182",0.4571767497034401,0.43363218893505356,0.48509204044594245
신사동,3137.0,1565.0,600,965,1444.0,718.0,251,467,1693.0,847.0,349,498,0.4988842843481033,0.5002953337271117,0.49722991689750695
논현동,15793.0,8968.0,"3,571","5,397",7396.0,4097.0,"1,412","2,685",8397.0,4871.0,"2,159","2,712",0.5678465142784778,0.5800881267119209,0.5539480800432667
압구정동,2118.0,345.0,77,268,788.0,188.0,35,153,1330.0,157.0,42,115,0.16288951841359772,0.11804511278195488,0.23857868020304568
세곡동,1380.0,428.0,123,305,558.0,203.0,49,154,822.0,225.0,74,151,0.3101449275362319,0.2737226277372263,0.36379928315412186
자곡동,5080.0,2743.0,"1,198","1,545",2051.0,1022.0,325,697,3029.0,1721.0,873,848,0.5399606299212598,0.5681743149554308,0.49829351535836175
율현동,568.0,191.0,55,136,264.0,95.0,24,71,304.0,96.0,31,65,0.3362676056338028,0.3157894736842105,0.35984848484848486
일원동,5225.0,1990.0,813,"1,177",2308.0,906.0,326,580,2917.0,1084.0,487,597,0.38086124401913873,0.3716146726088447,0.3925476603119584
수서동,4762.0,750.0,195,555,1849.0,340.0,61,279,2913.0,410.0,134,276,0.15749685006299874,0.14074836937864743,0.1838831800973499
도곡동,4787.0,1879.0,652,"1,227",2137.0,963.0,309,654,2650.0,916.0,343,573,0.39252141215792774,0.3456603773584906,0.45063172671970053
잠실동,13899.0,6612.0,"2,575","4,037",6220.0,3067.0,"1,017","2,050",7679.0,3545.0,"1,558","1,987",0.4757176775307576,0.4616486521682511,0.4930868167202572
신천동,2018.0,460.0,114,346,714.0,219.0,47,172,1304.0,241.0,67,174,0.22794846382556988,0.1848159509202454,0.3067226890756303
풍납동,6414.0,2530.0,"1,240","1,290",2855.0,1078.0,380,698,3559.0,1452.0,860,592,0.3944496414094169,0.40797976959820176,0.3775831873905429
송파동,8560.0,4944.0,"1,979","2,965",3821.0,2266.0,770,"1,496",4739.0,2678.0,"1,209","1,469",0.577570093457944,0.5650981219666597,0.593038471604292
석촌동,9630.0,5258.0,"2,045","3,213",4583.0,2373.0,770,"1,603",5047.0,2885.0,"1,275","1,610",0.5460020768431983,0.5716267089360015,0.5177831114990181
삼전동,9133.0,4954.0,"1,955","2,999",4155.0,2240.0,775,"1,465",4978.0,2714.0,"1,180","1,534",0.5424285557867076,0.545198875050221,0.5391095066185319
가락동,10009.0,4151.0,"1,507","2,644",4989.0,2196.0,674,"1,522",5020.0,1955.0,833,"1,122",0.4147267459286642,0.3894422310756972,0.4401683704149128
문정동,14919.0,8962.0,"3,336","5,626",6893.0,4064.0,"1,256","2,808",8026.0,4898.0,"2,080","2,818",0.6007105033849454,0.6102666334413157,0.5895836355723197
장지동,2507.0,438.0,86,352,1001.0,256.0,40,216,1506.0,182.0,46,136,0.1747108097327483,0.12084993359893759,0.25574425574425574
방이동,12763.0,7449.0,"3,212","4,237",5467.0,3052.0,"1,060","1,992",7296.0,4397.0,"2,152","2,245",0.5836402099819792,0.6026589912280702,0.558258642765685
오금동,4953.0,1435.0,490,945,2281.0,769.0,214,555,2672.0,666.0,276,390,0.28972339995962043,0.24925149700598803,0.3371328364752302
거여동,6534.0,1834.0,603,"1,231",3128.0,950.0,256,694,3406.0,884.0,347,537,0.28068564432200793,0.2595419847328244,0.3037084398976982
마천동,7309.0,1380.0,486,894,4001.0,856.0,274,582,3308.0,524.0,212,312,0.18880831851142427,0.15840386940749698,0.2139465133716571
명일동,4392.0,1593.0,694,899,1889.0,733.0,242,491,2503.0,860.0,452,408,0.36270491803278687,0.3435876947662805,0.3880359978824775
고덕동,3800.0,1040.0,340,700,1960.0,611.0,170,441,1840.0,429.0,170,259,0.2736842105263158,0.23315217391304346,0.31173469387755104
상일동,3809.0,1286.0,465,821,1628.0,618.0,157,461,2181.0,668.0,308,360,0.337621422945655,0.3062815222375057,0.3796068796068796
길동,10331.0,4439.0,"2,160","2,279",4978.0,2014.0,801,"1,213",5353.0,2425.0,"1,359","1,066",0.4296776691510986,0.4530169998131889,0.40458015267175573
둔촌동,3560.0,1296.0,507,789,1708.0,658.0,219,439,1852.0,638.0,288,350,0.36404494382022473,0.3444924406047516,0.38524590163934425
암사동,10010.0,3169.0,"1,216","1,953",5004.0,1686.0,563,"1,123",5006.0,1483.0,653,830,0.3165834165834166,0.2962445065920895,0.3369304556354916
성내동,15065.0,6712.0,"3,239","3,473",7213.0,3135.0,"1,285","1,850",7852.0,3577.0,"1,954","1,623",0.44553601062064385,0.4555527254202751,0.43463191459864137
천호동,23239.0,9638.0,"4,428","5,210",11410.0,4394.0,"1,644","2,750",11829.0,5244.0,"2,784","2,460",0.414733852575412,0.44331727111336544,0.3851007887817704
강일동,3649.0,865.0,320,545,1498.0,421.0,139,282,2151.0,444.0,181,263,0.23705124691696355,0.20641562064156208,0.281041388518024
