town_name,전월세구분,건물용도,평당평균보증금,평당평균임대료,최대보증금,최소보증금,최대임대료,최소임대료
가락동,전세,단독다가구,1340,0,38000,5000,0,0
가락동,전세,아파트,3018,0,240000,14000,0,0
가락동,전세,연립다세대,2068,0,70000,6209,0,0
가락동,전세,오피스텔,2581,0,44100,11500,0,0
가리봉동,전세,단독다가구,1493,0,31000,500,0,0
가리봉동,전세,아파트,1436,0,38500,25000,0,0
가리봉동,전세,연립다세대,1477,0,25000,6825,0,0
가리봉동,전세,오피스텔,1290,0,31000,7950,0,0
가산동,전세,단독다가구,1595,0,21000,5000,0,0
가산동,전세,아파트,2389,0,52000,8500,0,0
가산동,전세,연립다세대,2550,0,31000,7000,0,0
가산동,전세,오피스텔,2586,0,32500,5202,2,0
가양동,전세,단독다가구,1020,0,50000,8000,0,0
가양동,전세,아파트,1846,0,87000,2605,0,0
가양동,전세,연립다세대,2224,0,34010,7497,0,0
가양동,전세,오피스텔,2546,0,39000,9000,0,0
가회동,전세,단독다가구,1467,0,35000,13000,0,0
갈월동,전세,단독다가구,1564,0,40000,8000,0,0
갈월동,전세,연립다세대,1475,0,45000,7600,0,0
갈월동,전세,오피스텔,2295,0,29000,19000,0,0
갈현동,전세,단독다가구,1048,0,35000,2000,0,0
갈현동,전세,아파트,1782,0,54900,8850,0,0
갈현동,전세,연립다세대,1450,0,40000,3497,0,0
갈현동,전세,오피스텔,1236,0,20000,6300,0,0
강일동,전세,아파트,1281,0,80000,6528,0,0
강일동,전세,오피스텔,1616,0,41000,5500,0,0
개봉동,전세,단독다가구,749,0,25000,1000,0,0
개봉동,전세,아파트,1653,0,65000,9000,0,0
개봉동,전세,연립다세대,1473,0,49000,5250,0,0
개봉동,전세,오피스텔,1799,0,27000,4000,0,0
개포동,전세,단독다가구,1412,0,60100,5000,0,0
개포동,전세,아파트,3403,0,290000,10000,0,0
개포동,전세,연립다세대,2428,0,70000,7000,0,0
개포동,전세,오피스텔,2371,0,43050,16000,0,0
개화동,전세,단독다가구,1116,0,47000,3000,0,0
거여동,전세,단독다가구,1167,0,70000,2000,0,0
거여동,전세,아파트,1953,0,130000,3445,0,0
거여동,전세,연립다세대,2019,0,36000,5000,0,0
거여동,전세,오피스텔,2534,0,70000,7718,0,0
견지동,전세,아파트,2269,0,113000,93000,0,0
견지동,전세,오피스텔,1876,0,23000,23000,0,0
경운동,전세,오피스텔,2208,0,30000,18000,0,0
계동,전세,단독다가구,1544,0,30000,14000,0,0
계동,전세,연립다세대,1714,0,46000,18000,0,0
고덕동,전세,단독다가구,1043,0,42000,1900,0,0
고덕동,전세,아파트,2773,0,170000,13000,0,0
고덕동,전세,연립다세대,2217,0,60000,9371,0,0
고덕동,전세,오피스텔,2957,0,38900,17000,0,0
고척동,전세,단독다가구,783,0,35000,1600,0,0
고척동,전세,아파트,1508,0,65000,4000,0,0
고척동,전세,연립다세대,1333,0,30000,5000,0,0
고척동,전세,오피스텔,1795,0,34900,4900,5,0
공덕동,전세,단독다가구,1044,0,30000,1000,0,0
공덕동,전세,아파트,2695,0,170000,6000,0,0
공덕동,전세,연립다세대,2424,0,40100,6500,0,0
공덕동,전세,오피스텔,2545,0,39500,10800,10,0
공릉동,전세,단독다가구,1263,0,45000,3000,0,0
공릉동,전세,아파트,1722,0,80000,3965,0,0
공릉동,전세,연립다세대,1385,0,80000,1500,0,0
공릉동,전세,오피스텔,1483,0,21000,8400,0,0
공항동,전세,단독다가구,915,0,45000,4000,0,0
공항동,전세,아파트,1677,0,53000,12929,0,0
공항동,전세,연립다세대,1760,0,37000,5000,0,0
공항동,전세,오피스텔,1954,0,30000,8000,0,0
관수동,전세,연립다세대,4019,0,23500,15000,0,0
관수동,전세,오피스텔,3654,0,23000,17080,0,0
관훈동,전세,단독다가구,788,0,15750,15750,0,0
광장동,전세,단독다가구,1409,0,105000,3000,0,0
광장동,전세,아파트,2526,0,160000,5000,0,0
광장동,전세,연립다세대,2076,0,125000,7500,0,0
광장동,전세,오피스텔,1667,0,52000,10000,0,0
광희동1가,전세,오피스텔,2364,0,26000,8000,0,0
광희동2가,전세,단독다가구,1201,0,31500,6000,0,0
광희동2가,전세,연립다세대,2237,0,29000,12500,0,0
광희동2가,전세,오피스텔,1700,0,22000,7000,0,0
교북동,전세,아파트,4012,0,69000,37000,0,0
교북동,전세,오피스텔,3263,1,37000,1000,100,0
구기동,전세,단독다가구,1405,0,60000,15000,0,0
구기동,전세,아파트,1415,0,60000,32000,0,0
구기동,전세,연립다세대,1518,0,120000,11000,0,0
구로동,전세,단독다가구,1011,0,44000,2000,0,0
구로동,전세,아파트,1638,0,87000,2903,0,0
구로동,전세,연립다세대,1675,0,35900,2500,0,0
구로동,전세,오피스텔,1907,0,42000,6200,3,0
구산동,전세,단독다가구,991,0,30000,4100,0,0
구산동,전세,아파트,1449,0,52000,15000,0,0
구산동,전세,연립다세대,1369,0,35000,5000,0,0
구산동,전세,오피스텔,1481,0,24500,17300,0,0
구수동,전세,단독다가구,1543,0,25000,15000,0,0
구수동,전세,아파트,2195,0,62000,50000,0,0
구수동,전세,연립다세대,1987,0,38000,6000,0,0
구의동,전세,단독다가구,1445,0,41000,1000,0,0
구의동,전세,아파트,2636,0,135000,9900,0,0
구의동,전세,연립다세대,2119,0,60000,5000,0,0
구의동,전세,오피스텔,2386,0,60000,2000,85,0
군자동,전세,단독다가구,1510,0,42000,2100,0,0
군자동,전세,아파트,2101,0,85000,20000,0,0
군자동,전세,연립다세대,2450,0,50000,2000,0,0
군자동,전세,오피스텔,3648,0,30000,18000,0,0
궁동,전세,단독다가구,749,0,16100,4000,0,0
궁동,전세,아파트,1236,0,40000,12000,0,0
궁동,전세,연립다세대,1181,0,30000,2000,0,0
금호동1가,전세,단독다가구,1328,0,23000,10000,0,0
금호동1가,전세,아파트,2736,0,130000,15000,0,0
금호동1가,전세,연립다세대,1234,0,31000,9000,0,0
금호동2가,전세,단독다가구,927,0,28000,4000,0,0
금호동2가,전세,아파트,3181,0,105000,50000,0,0
금호동2가,전세,연립다세대,1350,0,33000,12000,0,0
금호동3가,전세,단독다가구,1055,0,37000,5000,0,0
금호동3가,전세,아파트,2193,0,98000,5967,0,0
금호동3가,전세,연립다세대,1365,0,35000,2500,0,0
금호동4가,전세,단독다가구,1263,0,40000,6000,0,0
금호동4가,전세,아파트,2953,0,180000,4940,0,0
금호동4가,전세,연립다세대,1572,0,32100,9500,0,0
금호동4가,전세,오피스텔,1237,0,15000,12010,0,0
길동,전세,단독다가구,1178,0,50100,2500,0,0
길동,전세,아파트,2196,0,75000,5000,0,0
길동,전세,연립다세대,2054,0,40000,7500,0,0
길동,전세,오피스텔,2617,0,42000,5000,0,0
길음동,전세,단독다가구,887,0,28000,4500,0,0
길음동,전세,아파트,2194,0,130000,3167,0,0
길음동,전세,연립다세대,1207,0,33000,7500,0,0
낙원동,전세,아파트,1300,0,32000,27000,0,0
낙원동,전세,오피스텔,2070,0,18000,18000,0,0
남가좌동,전세,단독다가구,1132,0,30000,4500,0,0
남가좌동,전세,아파트,2395,0,140000,3158,0,0
남가좌동,전세,연립다세대,1266,0,31600,4100,0,0
남대문로5가,전세,아파트,2852,0,130000,92000,0,0
남산동1가,전세,단독다가구,755,0,14000,14000,0,0
남산동2가,전세,단독다가구,1462,0,38000,8500,0,0
남산동2가,전세,연립다세대,2230,0,30000,24000,0,0
남영동,전세,단독다가구,1910,0,17000,5000,0,0
남영동,전세,연립다세대,1355,0,36000,18000,0,0
남창동,전세,단독다가구,707,0,15000,15000,0,0
남창동,전세,연립다세대,1957,0,30000,30000,0,0
남현동,전세,단독다가구,1922,0,38500,4000,0,0
남현동,전세,아파트,2318,0,74000,22000,0,0
남현동,전세,연립다세대,2306,0,47000,9000,0,0
남현동,전세,오피스텔,2462,0,50000,8000,0,0
내곡동,전세,단독다가구,1511,0,58500,10000,0,0
내곡동,전세,아파트,1970,0,120000,8574,0,0
내곡동,전세,연립다세대,2546,0,115500,20500,0,0
내발산동,전세,단독다가구,1115,0,50000,5000,0,0
내발산동,전세,아파트,1734,0,91500,5884,0,0
내발산동,전세,연립다세대,1765,0,60000,1500,0,0
내발산동,전세,오피스텔,3303,0,34200,23800,0,0
내수동,전세,아파트,2729,0,138000,102000,0,0
내수동,전세,연립다세대,1789,0,42500,42500,0,0
내수동,전세,오피스텔,2289,0,46500,15000,0,0
냉천동,전세,단독다가구,1207,0,23000,10000,0,0
냉천동,전세,아파트,2636,0,100000,33000,0,0
노고산동,전세,단독다가구,1423,0,35000,5000,0,0
노고산동,전세,아파트,2565,0,27000,18400,0,0
노고산동,전세,연립다세대,2940,0,57000,2000,0,0
노고산동,전세,오피스텔,2606,0,31500,7000,10,0
노량진동,전세,단독다가구,1176,0,60000,1000,0,0
노량진동,전세,아파트,1992,0,70000,8400,0,0
노량진동,전세,연립다세대,2195,0,50000,8000,0,0
노량진동,전세,오피스텔,3217,0,28000,16000,0,0
녹번동,전세,단독다가구,943,0,31500,3000,0,0
녹번동,전세,아파트,2153,0,79000,5524,0,0
녹번동,전세,연립다세대,1706,0,44000,3500,0,0
녹번동,전세,오피스텔,2123,0,30000,11000,0,0
논현동,전세,단독다가구,1596,0,50000,6500,0,0
논현동,전세,아파트,3084,0,310000,10000,0,0
논현동,전세,연립다세대,2865,0,175000,8820,0,0
논현동,전세,오피스텔,3461,0,46000,12000,3,0
누상동,전세,단독다가구,1568,0,45000,5000,0,0
누상동,전세,연립다세대,1510,0,50000,7500,0,0
누하동,전세,단독다가구,1609,0,28000,12000,0,0
누하동,전세,연립다세대,2336,0,21000,21000,0,0
능동,전세,단독다가구,1570,0,38000,4000,0,0
능동,전세,아파트,2524,0,40000,20000,0,0
능동,전세,연립다세대,2716,0,50000,6800,0,0
능동,전세,오피스텔,2886,0,20700,12000,0,0
답십리동,전세,단독다가구,1140,0,35000,500,0,0
답십리동,전세,아파트,2296,0,100000,2788,0,0
답십리동,전세,연립다세대,2643,0,46000,12500,0,0
답십리동,전세,오피스텔,2536,0,38000,8800,60,0
당산동,전세,단독다가구,1580,0,11500,8000,0,0
당산동,전세,아파트,2522,0,90000,8000,0,0
당산동,전세,연립다세대,3133,0,36200,9000,0,0
당산동,전세,오피스텔,2727,0,32900,10600,6,0
당산동1가,전세,단독다가구,1689,0,28324,2500,0,0
당산동1가,전세,아파트,2259,0,81000,15000,0,0
당산동1가,전세,연립다세대,3059,0,40000,10500,0,0
당산동1가,전세,오피스텔,2722,0,34000,9000,0,0
당산동2가,전세,단독다가구,1673,0,28000,5300,0,0
당산동2가,전세,아파트,2218,0,69000,16530,0,0
당산동2가,전세,연립다세대,3569,0,42000,27000,0,0
당산동2가,전세,오피스텔,2792,0,65000,9450,60,0
당산동3가,전세,단독다가구,1821,0,28600,2000,0,0
당산동3가,전세,아파트,2334,0,83000,10097,0,0
당산동3가,전세,연립다세대,3387,0,38000,17500,0,0
당산동3가,전세,오피스텔,2738,0,51700,11500,0,0
당산동4가,전세,단독다가구,1757,0,31000,7000,0,0
당산동4가,전세,아파트,2471,0,110000,10000,0,0
당산동4가,전세,연립다세대,2825,0,36000,20000,0,0
당산동4가,전세,오피스텔,2138,0,32000,18000,0,0
당산동5가,전세,단독다가구,2090,0,22000,7000,0,0
당산동5가,전세,아파트,2797,0,125000,24675,0,0
당산동5가,전세,오피스텔,2779,0,25000,17000,10,0
당산동6가,전세,단독다가구,1452,0,25000,3500,0,0
당산동6가,전세,연립다세대,2421,0,42000,10000,0,0
당산동6가,전세,오피스텔,2898,0,55000,12000,0,0
당인동,전세,단독다가구,1397,0,22000,3500,0,0
당인동,전세,연립다세대,1603,0,43000,10000,0,0
당주동,전세,아파트,1424,0,63500,15000,0,0
대림동,전세,단독다가구,1241,0,50000,1000,0,0
대림동,전세,아파트,1957,0,77000,8500,0,0
대림동,전세,연립다세대,1655,0,30000,4500,0,0
대림동,전세,오피스텔,2222,0,39000,11000,3,0
대방동,전세,단독다가구,1574,0,70000,4000,0,0
대방동,전세,아파트,2214,0,110000,3800,0,0
대방동,전세,연립다세대,2254,0,55000,7000,0,0
대방동,전세,오피스텔,2313,0,28000,12000,0,0
대신동,전세,단독다가구,1152,0,25000,4500,0,0
대신동,전세,연립다세대,1989,0,28000,5000,0,0
대조동,전세,단독다가구,1047,0,30000,3000,0,0
대조동,전세,아파트,2498,0,53000,6300,0,0
대조동,전세,연립다세대,1558,0,35000,5500,0,0
대조동,전세,오피스텔,2065,0,30000,7500,30,0
대치동,전세,단독다가구,1610,0,70000,5700,0,0
대치동,전세,아파트,3499,0,330000,13000,0,0
대치동,전세,연립다세대,2364,0,82000,8000,0,0
대치동,전세,오피스텔,3229,0,59000,11500,0,0
대현동,전세,단독다가구,1444,0,26000,6500,0,0
대현동,전세,아파트,2084,0,71000,13400,0,0
대현동,전세,연립다세대,3359,0,24800,8500,0,0
대현동,전세,오피스텔,3393,0,30000,8900,10,0
대흥동,전세,단독다가구,1456,0,38000,4000,0,0
대흥동,전세,아파트,2826,0,130000,3721,0,0
대흥동,전세,연립다세대,2768,0,41000,9500,0,0
대흥동,전세,오피스텔,2657,0,36000,18000,0,0
도곡동,전세,단독다가구,1723,0,50000,7350,0,0
도곡동,전세,아파트,3492,0,500000,7000,0,0
도곡동,전세,연립다세대,2711,0,70000,9000,0,0
도곡동,전세,오피스텔,2573,0,210000,16200,0,0
도림동,전세,단독다가구,1121,0,26250,2000,0,0
도림동,전세,아파트,2040,0,75000,5569,0,0
도림동,전세,연립다세대,2085,0,34000,7700,0,0
도림동,전세,오피스텔,1723,0,50000,12600,0,0
도봉동,전세,단독다가구,752,0,35000,2500,0,0
도봉동,전세,아파트,1250,0,65000,2132,0,0
도봉동,전세,연립다세대,1176,0,35000,4500,0,0
도봉동,전세,오피스텔,1780,0,54000,7000,0,0
도선동,전세,단독다가구,1312,0,30000,8000,0,0
도선동,전세,아파트,2324,0,66000,12600,0,0
도선동,전세,연립다세대,2939,0,47000,12000,0,0
도선동,전세,오피스텔,3395,0,42000,9000,18,0
도원동,전세,아파트,2190,0,90100,4324,0,0
도원동,전세,연립다세대,3304,0,30000,30000,0,0
도화동,전세,단독다가구,1244,0,30000,5500,0,0
도화동,전세,아파트,2079,0,103000,3019,0,0
도화동,전세,연립다세대,2634,0,43000,8400,0,0
도화동,전세,오피스텔,2438,0,75100,11500,0,0
독산동,전세,단독다가구,1148,0,35000,1000,0,0
독산동,전세,아파트,1888,0,80000,8200,0,0
독산동,전세,연립다세대,1953,0,40000,1000,0,0
독산동,전세,오피스텔,2406,0,36204,7000,8,0
돈암동,전세,단독다가구,909,0,19000,3500,0,0
돈암동,전세,아파트,1796,0,85000,1606,0,0
돈암동,전세,연립다세대,1504,0,36000,3000,0,0
동교동,전세,단독다가구,1585,0,32000,7000,0,0
동교동,전세,연립다세대,1968,0,42000,10000,0,0
동교동,전세,오피스텔,1897,0,21000,16500,0,0
동빙고동,전세,단독다가구,990,0,40000,3000,0,0
동빙고동,전세,아파트,2135,0,170000,54000,0,0
동빙고동,전세,연립다세대,1320,0,110000,3000,0,0
동선동1가,전세,단독다가구,1747,0,15000,6000,0,0
동선동1가,전세,아파트,1742,0,60000,60000,0,0
동선동1가,전세,연립다세대,2772,0,21000,8400,0,0
동선동1가,전세,오피스텔,1638,0,11000,8400,0,0
동선동2가,전세,단독다가구,1284,0,25000,5000,0,0
동선동2가,전세,연립다세대,1820,0,21000,13000,0,0
동선동3가,전세,단독다가구,1202,0,29000,5000,0,0
동선동3가,전세,아파트,2062,0,27500,16000,0,0
동선동3가,전세,연립다세대,1768,0,30000,3500,0,0
동선동3가,전세,오피스텔,2206,0,33000,12000,0,0
동선동4가,전세,단독다가구,1284,0,25000,5250,0,0
동선동4가,전세,아파트,1892,0,43000,35000,0,0
동선동4가,전세,연립다세대,2391,0,34700,10000,0,0
동선동4가,전세,오피스텔,2024,0,15000,15000,0,0
동선동5가,전세,단독다가구,1180,0,24000,4000,0,0
동선동5가,전세,아파트,1162,0,32000,32000,0,0
동선동5가,전세,연립다세대,1966,0,29800,16000,0,0
동소문동1가,전세,단독다가구,1262,0,21000,6000,0,0
동소문동1가,전세,연립다세대,1381,0,53000,15000,0,0
동소문동2가,전세,단독다가구,1033,0,28000,1000,0,0
동소문동3가,전세,단독다가구,1721,0,13000,13000,0,0
동소문동4가,전세,단독다가구,1218,0,27000,5750,0,0
동소문동4가,전세,아파트,1856,0,58000,25000,0,0
동소문동4가,전세,연립다세대,2101,0,29000,2000,0,0
동소문동4가,전세,오피스텔,3004,0,35000,18700,0,0
동소문동5가,전세,아파트,3419,0,79000,19000,0,0
동소문동6가,전세,단독다가구,1338,0,30000,7000,0,0
동소문동6가,전세,아파트,1429,0,31000,31000,0,0
동소문동6가,전세,연립다세대,2529,0,42000,20700,0,0
동소문동6가,전세,오피스텔,1635,0,18900,12120,0,0
동소문동7가,전세,단독다가구,1431,0,18000,12000,0,0
동소문동7가,전세,아파트,2235,0,73000,30000,0,0
동소문동7가,전세,연립다세대,1458,0,37800,18300,0,0
동숭동,전세,단독다가구,1666,0,35000,8000,0,0
동숭동,전세,아파트,1668,0,30000,30000,0,0
동숭동,전세,연립다세대,1320,0,42000,4000,0,0
동자동,전세,단독다가구,1276,0,24500,8000,0,0
동자동,전세,아파트,2153,0,110000,10000,0,0
동자동,전세,연립다세대,1237,0,30000,8000,0,0
동자동,전세,오피스텔,3411,0,45000,25000,0,0
동작동,전세,단독다가구,1066,0,27000,27000,0,0
동작동,전세,아파트,3034,0,130000,52000,0,0
동작동,전세,연립다세대,1497,0,46000,17000,0,0
둔촌동,전세,단독다가구,1278,0,60000,3500,0,0
둔촌동,전세,아파트,2124,0,85000,10000,0,0
둔촌동,전세,연립다세대,2168,0,45010,5500,0,0
둔촌동,전세,오피스텔,2904,0,31600,15700,0,0
등촌동,전세,단독다가구,1142,0,50000,2000,0,0
등촌동,전세,아파트,2027,0,100000,2000,0,0
등촌동,전세,연립다세대,2299,0,39000,4000,0,0
등촌동,전세,오피스텔,2486,0,43000,1000,95,0
마곡동,전세,단독다가구,2167,0,40000,30000,0,0
마곡동,전세,아파트,2188,0,95000,8000,0,0
마곡동,전세,연립다세대,1476,0,38000,10000,0,0
마곡동,전세,오피스텔,2411,0,42975,2000,90,0
마장동,전세,단독다가구,1627,0,28000,3000,0,0
마장동,전세,아파트,1962,0,90000,6612,0,0
마장동,전세,연립다세대,2423,0,35000,9000,0,0
마장동,전세,오피스텔,1883,0,33000,10000,0,0
마천동,전세,단독다가구,837,0,30000,1000,0,0
마천동,전세,아파트,1229,0,70000,2985,0,0
마천동,전세,연립다세대,1324,0,64000,3000,0,0
마포동,전세,단독다가구,1186,0,19500,7000,0,0
마포동,전세,아파트,2182,0,80000,12000,0,0
마포동,전세,연립다세대,2720,0,50000,8400,0,0
마포동,전세,오피스텔,1779,0,95000,9000,0,0
만리동1가,전세,단독다가구,1523,0,27700,15000,0,0
만리동1가,전세,아파트,2559,0,80000,36000,0,0
만리동1가,전세,연립다세대,3450,0,36750,29100,0,0
만리동1가,전세,오피스텔,2252,0,44000,19000,0,0
만리동2가,전세,아파트,3175,0,105000,7309,0,0
만리동2가,전세,오피스텔,2400,0,55000,20000,0,0
망우동,전세,단독다가구,989,0,35010,1200,0,0
망우동,전세,아파트,1862,0,60000,9000,0,0
망우동,전세,연립다세대,1811,0,38000,4200,0,0
망우동,전세,오피스텔,2792,0,40000,9800,0,0
망원동,전세,단독다가구,1327,0,50000,4000,0,0
망원동,전세,아파트,2267,0,112000,16000,0,0
망원동,전세,연립다세대,2043,0,75500,7000,0,0
면목동,전세,단독다가구,1039,0,41000,1000,0,0
면목동,전세,아파트,2004,0,86000,10000,0,0
면목동,전세,연립다세대,2054,0,45000,2500,0,0
면목동,전세,오피스텔,2126,0,35500,9000,23,0
명륜1가,전세,단독다가구,1484,0,30000,10000,0,0
명륜1가,전세,아파트,1812,0,68000,14000,0,0
명륜1가,전세,연립다세대,1855,0,50000,11000,0,0
명륜2가,전세,단독다가구,1498,0,25000,6000,0,0
명륜2가,전세,아파트,2607,0,105000,30000,0,0
명륜2가,전세,연립다세대,2040,0,44000,14500,0,0
명륜3가,전세,단독다가구,1420,0,40000,5000,0,0
명륜3가,전세,아파트,867,0,7000,7000,0,0
명륜3가,전세,연립다세대,1383,0,30000,5000,0,0
명륜4가,전세,단독다가구,1646,0,40000,5000,0,0
명륜4가,전세,연립다세대,2497,0,49000,17200,0,0
명일동,전세,단독다가구,1195,0,45000,2500,0,0
명일동,전세,아파트,2125,0,87000,8000,0,0
명일동,전세,연립다세대,1984,0,38500,8400,0,0
명일동,전세,오피스텔,2580,0,58000,10000,0,0
목동,전세,단독다가구,1091,0,66000,3000,0,0
목동,전세,아파트,2552,0,225000,2307,0,0
목동,전세,연립다세대,1724,0,45000,5500,0,0
목동,전세,오피스텔,2295,0,190000,7300,8,0
무악동,전세,단독다가구,787,0,20000,5000,0,0
무악동,전세,아파트,2599,0,125000,10000,0,0
무악동,전세,연립다세대,970,0,29000,8000,0,0
무학동,전세,연립다세대,1711,0,26800,26800,0,0
묵동,전세,단독다가구,1160,0,35000,2000,0,0
묵동,전세,아파트,1745,0,85000,7000,0,0
묵동,전세,연립다세대,1792,0,39900,3000,0,0
묵동,전세,오피스텔,1794,0,22000,11200,0,0
묵정동,전세,단독다가구,1265,0,15000,15000,0,0
묵정동,전세,아파트,1443,0,30000,15750,0,0
묵정동,전세,연립다세대,2176,0,12000,12000,0,0
묵정동,전세,오피스텔,3651,0,22500,19425,0,0
문래동1가,전세,연립다세대,4006,0,31000,28000,0,0
문래동1가,전세,오피스텔,2900,0,30000,30000,0,0
문래동2가,전세,단독다가구,221,0,5100,5100,0,0
문래동2가,전세,아파트,1199,0,29950,15000,0,0
문래동3가,전세,단독다가구,1682,0,18000,18000,0,0
문래동3가,전세,아파트,2214,0,105000,19000,0,0
문래동3가,전세,연립다세대,3076,0,27000,22000,0,0
문래동3가,전세,오피스텔,2148,0,70000,11000,0,0
문래동4가,전세,아파트,1844,0,57000,34000,0,0
문래동5가,전세,단독다가구,1250,0,13000,12000,0,0
문래동5가,전세,아파트,1860,0,77000,17000,0,0
문래동5가,전세,오피스텔,2193,0,30000,10500,12,0
문래동6가,전세,아파트,2043,0,70000,5000,0,0
문래동6가,전세,오피스텔,2030,0,54000,10000,100,0
문배동,전세,아파트,2572,0,165000,10000,0,0
문배동,전세,연립다세대,2976,0,35000,32000,0,0
문배동,전세,오피스텔,2698,0,53000,15000,5,0
문정동,전세,단독다가구,1545,0,48000,6900,0,0
문정동,전세,아파트,2141,0,180000,13000,0,0
문정동,전세,연립다세대,2197,0,59000,3500,0,0
문정동,전세,오피스텔,2734,0,60000,3800,5,0
미근동,전세,단독다가구,1140,0,12000,7000,0,0
미근동,전세,아파트,1121,0,18000,7400,0,0
미아동,전세,단독다가구,864,0,33000,500,0,0
미아동,전세,아파트,1696,0,78000,2669,0,0
미아동,전세,연립다세대,1175,0,38000,3000,0,0
미아동,전세,오피스텔,2708,0,27000,11000,0,0
반포동,전세,단독다가구,1542,0,150000,3000,0,0
반포동,전세,아파트,4714,0,545000,21500,0,0
반포동,전세,연립다세대,2595,0,260000,8000,0,0
방배동,전세,단독다가구,1561,0,130000,3000,0,0
방배동,전세,아파트,3101,0,270000,20000,0,0
방배동,전세,연립다세대,2685,0,280000,6000,0,0
방배동,전세,오피스텔,3129,0,65000,13000,0,0
방이동,전세,단독다가구,1303,0,45000,5000,0,0
방이동,전세,아파트,2538,0,176000,6900,0,0
방이동,전세,연립다세대,1974,0,82000,3000,0,0
방이동,전세,오피스텔,3320,0,74400,10000,10,0
방학동,전세,단독다가구,730,0,30000,1700,0,0
방학동,전세,아파트,1326,0,75000,3700,0,0
방학동,전세,연립다세대,1141,0,32000,1000,0,0
방학동,전세,오피스텔,2421,0,14500,8300,0,0
방화동,전세,단독다가구,913,0,30000,2000,0,0
방화동,전세,아파트,1651,0,111230,2801,0,0
방화동,전세,연립다세대,1914,0,35700,5000,0,0
방화동,전세,오피스텔,1897,0,34000,5500,15,0
번동,전세,단독다가구,868,0,25000,2000,0,0
번동,전세,아파트,1477,0,55000,9450,0,0
번동,전세,연립다세대,1115,0,37000,5000,0,0
번동,전세,오피스텔,2647,0,27500,9000,0,0
보광동,전세,단독다가구,945,0,100000,4000,0,0
보광동,전세,아파트,1965,0,70000,15000,0,0
보광동,전세,연립다세대,980,0,38000,3000,0,0
보문동1가,전세,단독다가구,1135,0,30000,3500,0,0
보문동1가,전세,아파트,3125,0,78000,50000,0,0
보문동1가,전세,연립다세대,1840,0,14000,8000,0,0
보문동2가,전세,단독다가구,1190,0,26000,4000,0,0
보문동2가,전세,아파트,1394,0,39000,9260,0,0
보문동2가,전세,연립다세대,2311,0,27000,11500,0,0
보문동2가,전세,오피스텔,2376,0,48000,12600,0,0
보문동3가,전세,단독다가구,1018,0,20000,20000,0,0
보문동3가,전세,아파트,2071,0,68000,36000,0,0
보문동3가,전세,연립다세대,2221,0,15000,14000,0,0
보문동4가,전세,단독다가구,1319,0,20000,5000,0,0
보문동4가,전세,아파트,2174,0,55000,44000,0,0
보문동5가,전세,단독다가구,948,0,25500,4000,0,0
보문동5가,전세,연립다세대,1941,0,32000,7000,0,0
보문동5가,전세,오피스텔,315,0,3000,3000,0,0
보문동6가,전세,단독다가구,996,0,30000,1000,0,0
보문동6가,전세,아파트,2646,0,78000,10000,0,0
보문동6가,전세,연립다세대,2156,0,30000,10000,0,0
보문동7가,전세,단독다가구,1075,0,15000,4000,0,0
보문동7가,전세,연립다세대,3063,0,30100,23000,0,0
보문동7가,전세,오피스텔,2062,0,60100,25000,0,0
본동,전세,단독다가구,1212,0,31500,2800,0,0
본동,전세,아파트,2230,0,110000,10000,0,0
본동,전세,연립다세대,2099,0,26000,4500,0,0
봉천동,전세,단독다가구,1751,0,48000,500,0,0
봉천동,전세,아파트,1971,0,105000,1996,0,0
봉천동,전세,연립다세대,1973,0,45000,2000,0,0
봉천동,전세,오피스텔,3014,0,51000,6300,10,0
부암동,전세,단독다가구,1360,0,95000,3500,0,0
부암동,전세,아파트,1833,0,45000,45000,0,0
부암동,전세,연립다세대,1468,0,40000,11000,0,0
부암동,전세,오피스텔,1278,0,19000,19000,0,0
북가좌동,전세,단독다가구,960,0,38000,3000,0,0
북가좌동,전세,아파트,1981,0,120000,5495,0,0
북가좌동,전세,연립다세대,1277,0,41000,2500,0,0
북가좌동,전세,오피스텔,1599,0,27000,27000,0,0
북아현동,전세,단독다가구,1048,0,40000,2000,0,0
북아현동,전세,아파트,2736,0,120000,10000,0,0
북아현동,전세,연립다세대,1492,0,65000,5620,0,0
북아현동,전세,오피스텔,3628,0,45000,23000,3,0
북창동,전세,단독다가구,1046,0,6000,6000,0,0
불광동,전세,단독다가구,873,0,37000,1000,0,0
불광동,전세,아파트,1866,0,75000,6393,0,0
불광동,전세,연립다세대,1507,0,40000,500,0,0
불광동,전세,오피스텔,2586,0,26000,6300,0,0
사근동,전세,단독다가구,1456,0,80000,4000,0,0
사근동,전세,아파트,2068,0,45000,15000,0,0
사근동,전세,연립다세대,2464,0,40000,9000,0,0
사당동,전세,단독다가구,1756,0,45000,3000,0,0
사당동,전세,아파트,2370,0,135000,4315,0,0
사당동,전세,연립다세대,1985,0,55000,2650,0,0
사당동,전세,오피스텔,2248,0,35000,10000,0,0
사직동,전세,단독다가구,1213,0,19780,12000,0,0
사직동,전세,아파트,2764,0,145000,62500,0,0
사직동,전세,연립다세대,1485,0,44000,8269,0,0
사직동,전세,오피스텔,2524,0,32000,27000,0,0
산림동,전세,아파트,1405,0,29000,29000,0,0
산천동,전세,단독다가구,1362,0,38000,8000,0,0
산천동,전세,아파트,2146,0,84000,2973,0,0
산천동,전세,연립다세대,1685,0,26000,20000,0,0
삼선동1가,전세,단독다가구,1054,0,26500,3500,0,0
삼선동1가,전세,연립다세대,1125,0,32000,6500,0,0
삼선동2가,전세,단독다가구,1233,0,25000,4000,0,0
삼선동2가,전세,아파트,2082,0,72000,34100,0,0
삼선동2가,전세,연립다세대,1859,0,26500,15000,0,0
삼선동3가,전세,단독다가구,1038,0,27000,6000,0,0
삼선동3가,전세,아파트,1969,0,82000,5520,0,0
삼선동3가,전세,연립다세대,1334,0,34000,8000,0,0
삼선동4가,전세,단독다가구,1268,0,22000,9000,0,0
삼선동4가,전세,아파트,2213,0,45000,33000,0,0
삼선동4가,전세,연립다세대,2772,0,35000,19000,0,0
삼선동5가,전세,단독다가구,1363,0,25000,6000,0,0
삼선동5가,전세,연립다세대,2113,0,37000,7500,0,0
삼선동5가,전세,오피스텔,1192,0,10000,10000,0,0
삼성동,전세,단독다가구,1557,0,190000,3000,0,0
삼성동,전세,아파트,3691,0,450000,15000,0,0
삼성동,전세,연립다세대,2423,0,101000,6900,0,0
삼성동,전세,오피스텔,3506,0,67000,14000,0,0
삼전동,전세,단독다가구,1356,0,57500,2000,0,0
삼전동,전세,아파트,2370,0,60000,14900,0,0
삼전동,전세,연립다세대,2057,0,73000,5200,0,0
삼전동,전세,오피스텔,3328,0,30000,17000,5,0
삼청동,전세,단독다가구,1137,0,40000,1000,0,0
상계동,전세,단독다가구,778,0,34000,1500,0,0
상계동,전세,아파트,1395,0,80000,2447,0,0
상계동,전세,연립다세대,1169,0,38000,4009,0,0
상계동,전세,오피스텔,2044,0,24000,4000,0,0
상도1동,전세,단독다가구,1806,0,37000,1000,0,0
상도1동,전세,아파트,2247,0,10000,8900,0,0
상도1동,전세,연립다세대,2096,0,50000,6000,0,0
상도1동,전세,오피스텔,3601,0,23000,20000,0,0
상도동,전세,단독다가구,1517,0,70000,3000,0,0
상도동,전세,아파트,2477,0,115000,2459,0,0
상도동,전세,연립다세대,1805,0,42800,2200,0,0
상도동,전세,오피스텔,2607,0,18500,13000,0,0
상봉동,전세,단독다가구,1160,0,36500,2000,0,0
상봉동,전세,아파트,2398,0,100000,8925,0,0
상봉동,전세,연립다세대,2528,0,44000,6500,0,0
상봉동,전세,오피스텔,2345,0,33000,5500,50,0
상수동,전세,단독다가구,1365,0,30000,7000,0,0
상수동,전세,아파트,2843,0,130000,5992,0,0
상수동,전세,연립다세대,1903,0,36000,7000,0,0
상수동,전세,오피스텔,2082,0,17000,11000,0,0
상암동,전세,단독다가구,1176,0,40000,7000,0,0
상암동,전세,아파트,1875,0,90000,6200,0,0
상암동,전세,연립다세대,2169,0,32000,4000,0,0
상암동,전세,오피스텔,2405,0,48000,10000,0,0
상왕십리동,전세,아파트,3082,0,140000,22000,0,0
상왕십리동,전세,오피스텔,1857,0,28000,14700,0,0
상월곡동,전세,단독다가구,1313,0,20000,6000,0,0
상월곡동,전세,아파트,1607,0,55100,10000,0,0
상월곡동,전세,연립다세대,1950,0,31500,2000,0,0
상일동,전세,단독다가구,885,0,28000,6500,0,0
상일동,전세,아파트,2123,0,110000,9328,0,0
상일동,전세,연립다세대,1800,0,105000,10000,0,0
서계동,전세,단독다가구,1215,0,25000,2395,0,0
서계동,전세,연립다세대,1636,0,28000,8000,0,0
서계동,전세,오피스텔,2438,0,25000,20000,0,0
서교동,전세,단독다가구,1321,0,54000,5000,0,0
서교동,전세,아파트,2743,0,160000,5863,0,0
서교동,전세,연립다세대,2156,0,48000,1000,0,0
서교동,전세,오피스텔,3678,0,25700,8000,50,0
서빙고동,전세,단독다가구,1270,0,27000,5000,0,0
서빙고동,전세,아파트,2051,0,150000,30000,0,0
서빙고동,전세,연립다세대,2030,0,45000,8800,0,0
서초동,전세,단독다가구,1690,0,90000,7000,0,0
서초동,전세,아파트,3457,0,260000,15000,0,0
서초동,전세,연립다세대,2923,0,90000,8500,0,0
서초동,전세,오피스텔,3066,0,74970,9000,13,0
석관동,전세,단독다가구,1129,0,25000,1800,0,0
석관동,전세,아파트,2047,0,78000,12050,0,0
석관동,전세,연립다세대,2080,0,42000,4000,0,0
석관동,전세,오피스텔,1089,0,7500,6000,0,0
석촌동,전세,단독다가구,1398,0,50000,5000,0,0
석촌동,전세,아파트,3309,0,130000,1000,0,0
석촌동,전세,연립다세대,2084,0,80000,2770,0,0
석촌동,전세,오피스텔,3214,0,26500,10000,0,0
성내동,전세,단독다가구,1401,0,48000,1000,0,0
성내동,전세,아파트,2447,0,150000,5000,0,0
성내동,전세,연립다세대,2173,0,49000,5985,0,0
성내동,전세,오피스텔,2516,0,30000,10000,0,0
성북동,전세,단독다가구,1308,0,62000,3000,0,0
성북동,전세,아파트,1296,0,40000,15000,0,0
성북동,전세,연립다세대,1977,0,150000,3500,0,0
성북동1가,전세,단독다가구,1404,0,35000,8000,0,0
성북동1가,전세,아파트,2399,0,130000,130000,0,0
성북동1가,전세,연립다세대,1749,0,34500,14000,0,0
성산동,전세,단독다가구,1341,0,34000,1000,0,0
성산동,전세,아파트,1783,0,75000,7000,0,0
성산동,전세,연립다세대,2120,0,65000,1500,0,0
성산동,전세,오피스텔,2924,0,50010,7500,25,0
성수동1가,전세,단독다가구,1254,0,70000,2000,0,0
성수동1가,전세,아파트,3189,0,590000,20000,0,0
성수동1가,전세,연립다세대,2214,0,58000,3000,0,0
성수동1가,전세,오피스텔,2920,0,51000,12000,0,0
성수동2가,전세,단독다가구,1162,0,42000,2000,0,0
성수동2가,전세,아파트,2222,0,175000,6500,0,0
성수동2가,전세,연립다세대,2162,0,41500,2000,0,0
성수동2가,전세,오피스텔,2912,0,40000,11500,0,0
세곡동,전세,단독다가구,1760,0,65000,7000,0,0
세곡동,전세,아파트,1804,0,87000,7132,0,0
세곡동,전세,연립다세대,3117,0,170000,35249,0,0
세곡동,전세,오피스텔,2336,0,45000,1000,80,0
송정동,전세,단독다가구,1376,0,40000,2000,0,0
송정동,전세,아파트,1934,0,73500,13268,0,0
송정동,전세,연립다세대,2136,0,45000,8970,0,0
송파동,전세,단독다가구,1414,0,40000,5512,0,0
송파동,전세,아파트,2287,0,140000,22000,0,0
송파동,전세,연립다세대,2255,0,70000,5182,0,0
송파동,전세,오피스텔,2671,0,38500,18000,0,0
수색동,전세,단독다가구,1145,0,52000,6000,0,0
수색동,전세,아파트,2144,0,105000,3831,0,0
수색동,전세,연립다세대,1843,0,36000,8000,0,0
수서동,전세,단독다가구,2086,0,80000,80000,0,0
수서동,전세,아파트,2708,0,280000,17000,0,0
수서동,전세,오피스텔,1962,0,35000,18000,0,0
수송동,전세,아파트,2168,0,28000,28000,0,0
수송동,전세,오피스텔,2324,0,62000,22000,0,0
수유동,전세,단독다가구,888,0,53000,1000,0,0
수유동,전세,아파트,1891,0,55000,5000,0,0
수유동,전세,연립다세대,1240,0,40000,2000,0,0
수유동,전세,오피스텔,2803,0,25100,9000,0,0
순화동,전세,아파트,2951,0,120000,33600,0,0
순화동,전세,오피스텔,2830,0,35280,31000,0,0
숭인동,전세,단독다가구,1218,0,30000,3000,0,0
숭인동,전세,아파트,2362,0,75000,8000,0,0
숭인동,전세,연립다세대,1382,0,44900,6000,0,0
숭인동,전세,오피스텔,2844,0,38000,6300,0,0
시흥동,전세,단독다가구,883,0,30000,1000,0,0
시흥동,전세,아파트,1459,0,80000,2000,0,0
시흥동,전세,연립다세대,1649,0,34000,3200,0,0
시흥동,전세,오피스텔,2121,0,30000,7350,10,0
신계동,전세,아파트,2920,0,150000,6122,0,0
신계동,전세,연립다세대,2653,0,30000,15000,0,0
신공덕동,전세,단독다가구,1280,0,33000,3150,0,0
신공덕동,전세,아파트,2742,0,150000,4135,0,0
신공덕동,전세,연립다세대,2792,0,38000,16000,0,0
신공덕동,전세,오피스텔,2613,0,53000,11800,15,0
신교동,전세,단독다가구,1495,0,31000,12000,0,0
신교동,전세,연립다세대,1605,0,110000,8500,0,0
신길동,전세,단독다가구,1319,0,45000,800,0,0
신길동,전세,아파트,2276,0,125000,3648,0,0
신길동,전세,연립다세대,2103,0,42000,3000,0,0
신길동,전세,오피스텔,2989,0,50000,10000,0,0
신내동,전세,단독다가구,1028,0,30000,2000,0,0
신내동,전세,아파트,1547,0,69000,2329,0,0
신내동,전세,연립다세대,1656,0,33000,6000,0,0
신내동,전세,오피스텔,2192,0,28000,12000,0,0
신당동,전세,단독다가구,1291,0,45000,1000,0,0
신당동,전세,아파트,2424,0,250000,3004,0,0
신당동,전세,연립다세대,2124,0,150000,2000,0,0
신당동,전세,오피스텔,2828,0,48500,9900,0,0
신대방동,전세,단독다가구,1492,0,43500,2000,0,0
신대방동,전세,아파트,2156,0,140000,15000,0,0
신대방동,전세,연립다세대,1848,0,45000,1000,0,0
신대방동,전세,오피스텔,1975,0,45000,12750,0,0
신도림동,전세,단독다가구,596,0,21800,4000,0,0
신도림동,전세,아파트,2180,0,117000,15000,0,0
신도림동,전세,연립다세대,1070,0,28500,5000,0,0
신도림동,전세,오피스텔,2659,0,70000,9922,0,0
신림동,전세,단독다가구,1461,0,40000,500,0,0
신림동,전세,아파트,1778,0,80000,3360,0,0
신림동,전세,연립다세대,1838,0,41500,2500,0,0
신림동,전세,오피스텔,2560,0,50000,7500,5,0
신문로1가,전세,아파트,1586,0,48000,40000,0,0
신문로2가,전세,단독다가구,1006,0,90000,6600,0,0
신문로2가,전세,연립다세대,3081,0,63000,45000,0,0
신문로2가,전세,오피스텔,4415,0,120000,49700,0,0
신사동,전세,단독다가구,1263,0,85000,2000,0,0
신사동,전세,아파트,1665,0,205000,12400,0,0
신사동,전세,연립다세대,1484,0,143000,5250,0,0
신사동,전세,오피스텔,2144,0,39900,12000,0,0
신설동,전세,단독다가구,1264,0,35000,3500,0,0
신설동,전세,아파트,2012,0,50000,42000,0,0
신설동,전세,연립다세대,3006,0,60000,11000,0,0
신설동,전세,오피스텔,3168,0,34000,8390,0,0
신수동,전세,단독다가구,1549,0,35000,3000,0,0
신수동,전세,아파트,2930,0,128000,10000,0,0
신수동,전세,연립다세대,2438,0,40000,7350,0,0
신수동,전세,오피스텔,1744,0,13000,12490,0,0
신영동,전세,단독다가구,1168,0,63000,12000,0,0
신영동,전세,아파트,1404,0,33000,24500,0,0
신영동,전세,연립다세대,1428,0,85000,11025,0,0
신원동,전세,단독다가구,1534,0,65000,8000,0,0
신원동,전세,아파트,2429,0,115000,11455,0,0
신원동,전세,연립다세대,2003,0,60000,40000,0,0
신원동,전세,오피스텔,2695,0,38000,14330,0,0
신월동,전세,단독다가구,783,0,30000,1800,0,0
신월동,전세,아파트,1611,0,76000,4000,0,0
신월동,전세,연립다세대,1442,0,117000,2687,0,0
신월동,전세,오피스텔,1673,0,36000,4000,0,0
신정동,전세,단독다가구,947,0,38000,1000,0,0
신정동,전세,아파트,1901,0,180000,2183,0,0
신정동,전세,연립다세대,1756,0,43000,2800,0,0
신정동,전세,오피스텔,2057,0,88000,7000,25,0
신창동,전세,단독다가구,1050,0,26000,6000,0,0
신창동,전세,아파트,2149,0,60000,43000,0,0
신창동,전세,연립다세대,2397,0,29400,8850,0,0
신천동,전세,아파트,3136,0,210000,10000,0,0
신천동,전세,오피스텔,2973,0,69500,35000,0,0
신촌동,전세,단독다가구,1200,0,12000,12000,0,0
신촌동,전세,연립다세대,1375,0,55000,15000,0,0
쌍림동,전세,단독다가구,1570,0,25000,8000,0,0
쌍림동,전세,연립다세대,2841,0,13000,11000,0,0
쌍림동,전세,오피스텔,4013,0,24000,21000,0,0
쌍문동,전세,단독다가구,861,0,35000,1000,0,0
쌍문동,전세,아파트,1346,0,54000,3000,0,0
쌍문동,전세,연립다세대,1171,0,40000,3500,0,0
쌍문동,전세,오피스텔,1190,0,28000,5000,20,0
아현동,전세,단독다가구,825,0,28000,4500,0,0
아현동,전세,아파트,3150,0,138000,5352,0,0
아현동,전세,연립다세대,1948,0,40500,6500,0,0
아현동,전세,오피스텔,2358,0,36000,10000,2,0
안국동,전세,단독다가구,1951,0,43000,43000,0,0
안암동1가,전세,단독다가구,1304,0,28000,3500,0,0
안암동1가,전세,아파트,2179,0,80000,37400,0,0
안암동1가,전세,연립다세대,2163,0,14000,8000,0,0
안암동2가,전세,단독다가구,1171,0,40000,4000,0,0
안암동2가,전세,연립다세대,2573,0,12000,8000,0,0
안암동3가,전세,단독다가구,1065,0,31000,3000,0,0
안암동3가,전세,아파트,886,0,69000,6000,0,0
안암동3가,전세,연립다세대,1283,0,32500,13500,0,0
안암동4가,전세,단독다가구,1228,0,22000,5500,0,0
안암동4가,전세,아파트,834,0,20000,10000,0,0
안암동5가,전세,단독다가구,1302,0,35000,4500,0,0
안암동5가,전세,연립다세대,1497,0,50000,9000,0,0
암사동,전세,단독다가구,1211,0,60000,2000,0,0
암사동,전세,아파트,2288,0,115000,6000,0,0
암사동,전세,연립다세대,2045,0,70000,5148,0,0
암사동,전세,오피스텔,1728,0,30000,5775,0,0
압구정동,전세,아파트,2601,0,400000,32000,0,0
양재동,전세,단독다가구,1549,0,62000,4000,0,0
양재동,전세,아파트,2061,0,115000,6010,0,0
양재동,전세,연립다세대,2475,0,160000,3000,0,0
양재동,전세,오피스텔,2398,0,68400,10743,0,0
양평동1가,전세,단독다가구,1610,0,27000,8000,0,0
양평동1가,전세,아파트,2426,0,95000,20000,0,0
양평동1가,전세,연립다세대,3344,0,37000,13500,0,0
양평동1가,전세,오피스텔,2866,0,29400,18700,35,0
양평동2가,전세,단독다가구,1131,0,20000,10000,0,0
양평동2가,전세,아파트,1974,0,58000,25000,0,0
양평동2가,전세,연립다세대,1394,0,16800,15000,0,0
양평동2가,전세,오피스텔,2271,0,55010,7000,15,0
양평동3가,전세,단독다가구,1901,0,26000,6000,0,0
양평동3가,전세,아파트,2136,0,80000,10000,0,0
양평동3가,전세,연립다세대,3318,0,34000,8000,0,0
양평동3가,전세,오피스텔,2782,0,52000,7000,0,0
양평동4가,전세,단독다가구,1443,0,40000,1800,0,0
양평동4가,전세,아파트,1993,0,60000,8000,0,0
양평동4가,전세,연립다세대,2765,0,45000,6500,0,0
양평동4가,전세,오피스텔,2473,0,47000,15500,36,0
양평동5가,전세,단독다가구,2243,0,45000,11000,0,0
양평동5가,전세,아파트,2122,0,73000,25000,0,0
양평동5가,전세,연립다세대,2894,0,42000,8000,0,0
양평동5가,전세,오피스텔,2708,0,49000,17000,60,0
양평동6가,전세,단독다가구,1342,0,13000,5500,0,0
양평동6가,전세,아파트,1925,0,65000,23000,0,0
양평동6가,전세,연립다세대,2161,0,44500,8000,0,0
양평동6가,전세,오피스텔,3173,0,50000,11000,0,0
여의도동,전세,아파트,1793,0,250000,10000,0,0
여의도동,전세,오피스텔,3132,0,105000,10000,6,0
역삼동,전세,단독다가구,1690,0,65000,2000,0,0
역삼동,전세,아파트,3872,0,300000,16200,0,0
역삼동,전세,연립다세대,2879,0,85000,6000,0,0
역삼동,전세,오피스텔,3242,0,57000,10000,20,0
역촌동,전세,단독다가구,999,0,50100,2000,0,0
역촌동,전세,아파트,1480,0,59100,13000,0,0
역촌동,전세,연립다세대,1529,0,38000,2000,0,0
역촌동,전세,오피스텔,2260,0,34500,8000,0,0
연건동,전세,단독다가구,1087,0,38000,7000,0,0
연건동,전세,연립다세대,1272,0,22000,5000,0,0
연건동,전세,오피스텔,2115,0,17000,17000,0,0
연남동,전세,단독다가구,1497,0,35600,6000,0,0
연남동,전세,아파트,2178,0,68000,15600,0,0
연남동,전세,연립다세대,2074,0,55000,6600,0,0
연지동,전세,단독다가구,923,0,18000,18000,0,0
연지동,전세,연립다세대,3022,0,28000,11000,0,0
연지동,전세,오피스텔,3067,0,27500,15700,0,0
연희동,전세,단독다가구,1333,0,150000,2000,0,0
연희동,전세,아파트,1952,0,100000,6250,0,0
연희동,전세,연립다세대,1584,0,220000,4000,0,0
연희동,전세,오피스텔,2247,0,53000,8000,0,0
염곡동,전세,단독다가구,1440,0,65000,14000,0,0
염곡동,전세,연립다세대,2477,0,32000,29000,0,0
염리동,전세,단독다가구,1484,0,40000,4000,0,0
염리동,전세,아파트,3252,0,147000,2814,0,0
염리동,전세,연립다세대,2727,0,38000,9000,0,0
염리동,전세,오피스텔,2106,1,31000,5000,150,0
염창동,전세,단독다가구,1404,0,30000,7000,0,0
염창동,전세,아파트,2063,0,86500,15500,0,0
염창동,전세,연립다세대,2713,0,35000,4500,0,0
염창동,전세,오피스텔,2857,0,48500,6300,10,0
영등포동,전세,단독다가구,1142,0,35000,2000,0,0
영등포동,전세,아파트,2450,0,69000,10200,0,0
영등포동,전세,연립다세대,2288,0,40000,8500,0,0
영등포동,전세,오피스텔,1287,0,23000,3500,0,0
영등포동1가,전세,단독다가구,2848,0,40000,25000,0,0
영등포동1가,전세,아파트,3658,0,55000,7500,0,0
영등포동1가,전세,연립다세대,2972,0,27780,11500,0,0
영등포동1가,전세,오피스텔,2828,0,41000,5750,4,0
영등포동2가,전세,단독다가구,2050,0,50000,11000,0,0
영등포동2가,전세,아파트,3109,0,45000,10500,0,0
영등포동2가,전세,연립다세대,2967,0,33000,7000,0,0
영등포동2가,전세,오피스텔,2829,0,38000,6300,5,0
영등포동3가,전세,아파트,2577,0,11800,9900,0,0
영등포동3가,전세,연립다세대,2985,0,26000,21000,0,0
영등포동3가,전세,오피스텔,2747,0,32000,10000,20,0
영등포동4가,전세,단독다가구,2475,0,15000,15000,0,0
영등포동4가,전세,아파트,3818,0,15000,13000,0,0
영등포동4가,전세,연립다세대,4181,0,34500,12000,0,0
영등포동4가,전세,오피스텔,2631,0,50000,11000,0,0
영등포동5가,전세,단독다가구,652,0,9000,1000,0,0
영등포동5가,전세,아파트,1597,0,40000,8000,0,0
영등포동5가,전세,연립다세대,3518,0,33390,19000,0,0
영등포동5가,전세,오피스텔,2589,0,51000,6500,0,0
영등포동6가,전세,단독다가구,1879,0,30000,11000,0,0
영등포동6가,전세,연립다세대,2986,0,37500,14000,0,0
영등포동6가,전세,오피스텔,2827,0,36500,12000,0,0
영등포동7가,전세,단독다가구,1575,0,34000,6500,0,0
영등포동7가,전세,아파트,2906,0,140000,6500,0,0
영등포동7가,전세,연립다세대,2939,0,36000,15000,0,0
영등포동7가,전세,오피스텔,2758,0,40200,7400,75,0
영등포동8가,전세,단독다가구,1258,0,27000,10000,0,0
영등포동8가,전세,아파트,2383,0,110000,39800,0,0
영등포동8가,전세,연립다세대,3094,0,32500,15080,0,0
영등포동8가,전세,오피스텔,3005,0,39000,9000,0,0
영천동,전세,단독다가구,820,0,20000,12000,0,0
영천동,전세,아파트,1951,0,70000,38000,0,0
예장동,전세,단독다가구,1420,0,21000,10000,0,0
예장동,전세,연립다세대,3136,0,32500,18000,0,0
오금동,전세,단독다가구,1183,0,43000,4000,0,0
오금동,전세,아파트,2148,0,110000,20837,0,0
오금동,전세,연립다세대,1813,0,50000,4354,0,0
오금동,전세,오피스텔,1935,0,36500,14500,0,0
오류동,전세,단독다가구,824,0,29120,2000,0,0
오류동,전세,아파트,1525,0,53000,3249,0,0
오류동,전세,연립다세대,1181,0,35000,5300,0,0
오류동,전세,오피스텔,1973,0,60000,6700,0,0
오장동,전세,아파트,4142,0,50000,15500,0,0
오장동,전세,오피스텔,3194,0,27500,13000,0,0
옥수동,전세,단독다가구,1203,0,26000,5000,0,0
옥수동,전세,아파트,2759,0,169700,2709,0,0
옥수동,전세,연립다세대,1701,0,64000,6800,0,0
옥수동,전세,오피스텔,2092,0,20000,14700,0,0
옥인동,전세,단독다가구,1570,0,60000,8890,0,0
옥인동,전세,연립다세대,1452,0,52000,7600,0,0
옥천동,전세,단독다가구,1306,0,20900,6500,0,0
옥천동,전세,연립다세대,1176,0,26600,5000,0,0
온수동,전세,단독다가구,675,0,20000,5000,0,0
온수동,전세,아파트,1694,0,65000,18686,0,0
온수동,전세,연립다세대,1020,0,28000,7700,0,0
외발산동,전세,연립다세대,1461,0,23630,10000,0,0
용강동,전세,단독다가구,1795,0,40000,13000,0,0
용강동,전세,아파트,3179,0,145000,6462,0,0
용강동,전세,연립다세대,2302,0,40000,13000,0,0
용답동,전세,단독다가구,1274,0,43000,2000,0,0
용답동,전세,아파트,1725,0,50000,4900,0,0
용답동,전세,연립다세대,2863,0,40000,5000,0,0
용답동,전세,오피스텔,2777,0,40000,5000,0,0
용두동,전세,단독다가구,1255,0,35000,2000,0,0
용두동,전세,아파트,2526,0,125000,4800,0,0
용두동,전세,연립다세대,2519,0,40000,5000,0,0
용두동,전세,오피스텔,2627,0,37500,8000,4,0
용문동,전세,단독다가구,1139,0,42000,2000,0,0
용문동,전세,아파트,2268,0,75000,38000,0,0
용문동,전세,연립다세대,2481,0,47250,9000,0,0
용산동2가,전세,단독다가구,1209,0,31000,6000,0,0
용산동2가,전세,아파트,1574,0,45000,23760,0,0
용산동2가,전세,연립다세대,1488,0,35000,5000,0,0
용산동3가,전세,단독다가구,1226,0,17000,11000,0,0
용산동3가,전세,연립다세대,2739,0,12600,10000,0,0
용산동5가,전세,아파트,3481,0,200000,85000,0,0
우면동,전세,단독다가구,1436,0,80000,5000,0,0
우면동,전세,아파트,1917,0,165000,6998,0,0
우면동,전세,연립다세대,2290,0,64000,15300,0,0
우면동,전세,오피스텔,2455,0,21500,7300,0,0
우이동,전세,단독다가구,897,0,37000,2500,0,0
우이동,전세,아파트,1192,0,55000,2800,0,0
우이동,전세,연립다세대,1095,0,37000,1300,0,0
운니동,전세,단독다가구,1294,0,10000,10000,0,0
원남동,전세,단독다가구,1419,0,9000,9000,0,0
원남동,전세,오피스텔,3334,0,27000,18000,0,0
원서동,전세,단독다가구,1442,0,26000,21000,0,0
원서동,전세,연립다세대,1629,0,40000,9600,0,0
원효로1가,전세,단독다가구,1285,0,32000,5000,0,0
원효로1가,전세,아파트,3320,0,230000,19600,0,0
원효로1가,전세,연립다세대,2700,0,40000,9000,0,0
원효로1가,전세,오피스텔,3010,0,31000,10000,30,0
원효로2가,전세,단독다가구,1046,0,29000,6000,0,0
원효로2가,전세,아파트,1013,0,12600,12600,0,0
원효로2가,전세,연립다세대,2815,0,43000,15500,0,0
원효로2가,전세,오피스텔,3628,0,38000,24000,0,0
원효로3가,전세,단독다가구,1016,0,30000,7000,0,0
원효로3가,전세,아파트,3518,0,30000,15000,0,0
원효로3가,전세,연립다세대,2677,0,33500,7350,0,0
원효로3가,전세,오피스텔,2890,0,32000,14000,0,0
원효로4가,전세,단독다가구,1474,0,22475,9000,0,0
원효로4가,전세,아파트,1720,0,80000,13500,0,0
원효로4가,전세,연립다세대,2466,0,30000,7000,0,0
월계동,전세,단독다가구,1095,0,29000,3000,0,0
월계동,전세,아파트,1488,0,70000,3000,0,0
월계동,전세,연립다세대,1387,0,33000,4500,0,0
월계동,전세,오피스텔,1619,0,13000,11550,0,0
율현동,전세,단독다가구,1799,0,63945,10000,0,0
율현동,전세,아파트,1856,0,80000,9225,0,0
율현동,전세,연립다세대,2177,0,41000,37000,0,0
율현동,전세,오피스텔,2624,0,65000,15000,0,0
을지로4가,전세,오피스텔,2682,0,28500,19800,0,0
을지로5가,전세,오피스텔,2779,0,35000,12500,0,0
을지로6가,전세,연립다세대,3128,0,28000,21000,0,0
을지로6가,전세,오피스텔,2203,0,24400,24400,0,0
응봉동,전세,단독다가구,773,0,40000,1000,0,0
응봉동,전세,아파트,2065,0,100000,10000,0,0
응봉동,전세,연립다세대,1148,0,35000,3000,0,0
응암동,전세,단독다가구,873,0,33000,1500,0,0
응암동,전세,아파트,2130,0,84000,3718,0,0
응암동,전세,연립다세대,1619,0,40000,4700,0,0
응암동,전세,오피스텔,2252,0,31500,8000,5,0
의주로1가,전세,오피스텔,2071,0,70000,22000,0,0
이문동,전세,단독다가구,1107,0,25000,1700,0,0
이문동,전세,아파트,1959,0,70000,4093,0,0
이문동,전세,연립다세대,1520,0,35000,2000,0,0
이문동,전세,오피스텔,2165,0,29000,8900,0,0
이촌동,전세,단독다가구,870,0,30000,2565,0,0
이촌동,전세,아파트,2522,0,245000,7875,0,0
이촌동,전세,연립다세대,1196,0,42000,8000,0,0
이태원동,전세,단독다가구,1368,0,70000,2000,0,0
이태원동,전세,아파트,1946,0,180000,14650,0,0
이태원동,전세,연립다세대,2472,0,290000,8000,0,0
이화동,전세,단독다가구,1685,0,23000,6000,0,0
이화동,전세,아파트,1446,0,37000,37000,0,0
이화동,전세,연립다세대,1424,0,40000,6500,0,0
익선동,전세,아파트,1907,0,48000,21400,0,0
익선동,전세,오피스텔,1919,0,10000,10000,0,0
인의동,전세,아파트,2045,0,67000,44000,0,0
인의동,전세,오피스텔,3622,0,21000,18900,0,0
인현동2가,전세,아파트,2963,0,46000,14000,0,0
일원동,전세,단독다가구,1496,0,68000,3700,0,0
일원동,전세,아파트,3373,0,220000,9618,0,0
일원동,전세,연립다세대,2985,0,65000,10000,0,0
입정동,전세,아파트,3409,0,70000,20000,0,0
자곡동,전세,단독다가구,1622,0,50000,7000,0,0
자곡동,전세,아파트,2381,0,120000,9007,0,0
자곡동,전세,연립다세대,2720,0,86000,40000,0,0
자곡동,전세,오피스텔,2334,0,59000,10000,36,0
자양동,전세,단독다가구,1306,0,49000,1500,0,0
자양동,전세,아파트,2487,0,195000,16000,0,0
자양동,전세,연립다세대,2528,0,58000,1000,0,0
자양동,전세,오피스텔,3369,0,146000,8000,0,0
잠실동,전세,단독다가구,1418,0,53000,4200,0,0
잠실동,전세,아파트,3472,0,200000,10000,0,0
잠실동,전세,연립다세대,2274,0,73000,2700,0,0
잠실동,전세,오피스텔,3236,0,65000,14000,0,0
잠원동,전세,단독다가구,1581,0,70000,8000,0,0
잠원동,전세,아파트,3157,0,250000,9500,0,0
잠원동,전세,연립다세대,2504,0,60000,15000,0,0
잠원동,전세,오피스텔,2710,0,35000,15000,0,0
장안동,전세,단독다가구,1003,0,30000,2500,0,0
장안동,전세,아파트,2148,0,85000,8190,0,0
장안동,전세,연립다세대,2060,0,46000,1000,0,0
장안동,전세,오피스텔,2230,0,38000,6000,0,0
장위동,전세,단독다가구,772,0,31000,1000,0,0
장위동,전세,아파트,2125,0,87000,4912,0,0
장위동,전세,연립다세대,1585,0,43360,2000,0,0
장위동,전세,오피스텔,2124,0,12690,10000,0,0
장지동,전세,아파트,2315,0,115000,5837,0,0
장충동1가,전세,단독다가구,1043,0,23000,10500,0,0
장충동1가,전세,아파트,2667,0,210000,185000,0,0
장충동1가,전세,연립다세대,2420,0,67500,8400,0,0
장충동2가,전세,단독다가구,1206,0,26000,8000,0,0
장충동2가,전세,연립다세대,1217,0,25000,5000,0,0
저동2가,전세,오피스텔,3050,0,22000,18000,0,0
전농동,전세,단독다가구,1102,0,32000,1500,0,0
전농동,전세,아파트,2169,0,100000,3467,0,0
전농동,전세,연립다세대,2099,0,40100,6000,0,0
전농동,전세,오피스텔,2898,0,41000,10000,0,0
정동,전세,아파트,4398,0,39000,20000,0,0
정릉동,전세,단독다가구,1218,0,35000,1000,0,0
정릉동,전세,아파트,1694,0,65100,3000,0,0
정릉동,전세,연립다세대,1261,0,39900,500,0,0
정릉동,전세,오피스텔,1863,0,30000,9450,0,0
제기동,전세,단독다가구,1314,0,40000,1500,0,0
제기동,전세,아파트,1799,0,65000,4247,0,0
제기동,전세,연립다세대,2124,0,40500,5300,0,0
제기동,전세,오피스텔,2910,0,30000,15700,0,0
종로1가,전세,오피스텔,1908,0,20000,20000,0,0
종로5가,전세,오피스텔,3659,0,24000,18000,0,0
종암동,전세,단독다가구,1169,0,45000,2300,0,0
종암동,전세,아파트,1986,0,84000,10000,0,0
종암동,전세,연립다세대,1733,0,36000,7500,0,0
주성동,전세,단독다가구,815,0,35000,7000,0,0
주성동,전세,연립다세대,929,0,32500,7000,0,0
중계동,전세,단독다가구,841,0,30000,3000,0,0
중계동,전세,아파트,1679,0,98000,2555,0,0
중계동,전세,연립다세대,1208,0,120000,7350,0,0
중계동,전세,오피스텔,1318,0,45500,1000,80,0
중곡동,전세,단독다가구,1257,0,45000,1500,0,0
중곡동,전세,아파트,1781,0,55000,10500,0,0
중곡동,전세,연립다세대,2207,0,50000,2000,0,0
중곡동,전세,오피스텔,3520,0,37000,10500,0,0
중동,전세,단독다가구,1018,0,22000,8400,0,0
중동,전세,아파트,1915,0,65000,25000,0,0
중동,전세,연립다세대,1783,0,41700,5000,0,0
중림동,전세,단독다가구,1276,0,21000,5000,0,0
중림동,전세,아파트,2280,0,90000,4511,0,0
중림동,전세,연립다세대,2210,0,30000,8000,0,0
중림동,전세,오피스텔,3816,0,55000,19000,0,0
중화동,전세,단독다가구,1153,0,60000,900,0,0
중화동,전세,아파트,1783,0,50000,10000,0,0
중화동,전세,연립다세대,1991,0,41000,2000,0,0
중화동,전세,오피스텔,1885,0,26000,11500,0,0
증산동,전세,단독다가구,838,0,28000,1000,0,0
증산동,전세,아파트,2016,0,85000,11500,0,0
증산동,전세,연립다세대,1200,0,39010,5000,0,0
증산동,전세,오피스텔,2464,0,27000,22000,0,0
진관동,전세,단독다가구,1502,0,57319,14000,0,0
진관동,전세,아파트,1596,0,100000,6332,0,0
진관동,전세,연립다세대,2081,0,65000,42000,0,0
진관동,전세,오피스텔,1979,0,40000,10500,10,0
창동,전세,단독다가구,798,0,150000,1700,0,0
창동,전세,아파트,1435,0,80000,2000,0,0
창동,전세,연립다세대,1250,0,40000,3000,0,0
창동,전세,오피스텔,1838,0,36000,7000,0,0
창성동,전세,단독다가구,1601,0,30000,12000,0,0
창성동,전세,연립다세대,1853,0,38000,38000,0,0
창신동,전세,단독다가구,1026,0,28000,1500,0,0
창신동,전세,아파트,1685,0,75000,5500,0,0
창신동,전세,연립다세대,1437,0,43000,3800,0,0
창신동,전세,오피스텔,3103,0,21000,18000,0,0
창전동,전세,단독다가구,1507,0,28000,7000,0,0
창전동,전세,아파트,2465,0,87000,3475,0,0
창전동,전세,연립다세대,2493,0,45000,7000,0,0
창전동,전세,오피스텔,2330,0,13000,9000,0,0
창천동,전세,단독다가구,1602,0,38000,4000,0,0
창천동,전세,아파트,2345,0,45700,13800,0,0
창천동,전세,연립다세대,1987,0,45000,8000,0,0
창천동,전세,오피스텔,2933,0,32000,10000,0,0
천연동,전세,단독다가구,1296,0,30000,8000,0,0
천연동,전세,아파트,2489,0,58000,30000,0,0
천연동,전세,연립다세대,1204,0,25000,10000,0,0
천왕동,전세,아파트,904,0,70000,2976,0,0
천왕동,전세,연립다세대,1698,0,30000,30000,0,0
천왕동,전세,오피스텔,1595,0,19000,9000,0,0
천호동,전세,단독다가구,1192,0,45000,1500,0,0
천호동,전세,아파트,2547,0,103000,7700,0,0
천호동,전세,연립다세대,2407,0,43000,1890,0,0
천호동,전세,오피스텔,2492,0,45000,3000,65,0
청담동,전세,단독다가구,1627,0,60000,8400,0,0
청담동,전세,아파트,3651,0,580000,10000,0,0
청담동,전세,연립다세대,2512,0,120000,16400,0,0
청담동,전세,오피스텔,1943,0,15000,12600,0,0
청량리동,전세,단독다가구,1042,0,40000,2500,0,0
청량리동,전세,아파트,1320,0,65000,2511,0,0
청량리동,전세,연립다세대,1329,0,37000,4935,0,0
청량리동,전세,오피스텔,2910,0,40000,12000,0,0
청암동,전세,단독다가구,1416,0,15000,15000,0,0
청암동,전세,아파트,2622,0,160000,100000,0,0
청운동,전세,단독다가구,1479,0,60000,10000,0,0
청운동,전세,아파트,2162,0,85000,85000,0,0
청운동,전세,연립다세대,2148,0,70000,25000,0,0
청파동1가,전세,단독다가구,1277,0,27000,4000,0,0
청파동1가,전세,아파트,1551,0,32000,30000,0,0
청파동1가,전세,연립다세대,2075,0,44100,5000,0,0
청파동1가,전세,오피스텔,4389,0,27000,23000,0,0
청파동2가,전세,단독다가구,1534,0,25000,7000,0,0
청파동2가,전세,연립다세대,2733,0,47000,9300,0,0
청파동3가,전세,단독다가구,1725,0,40000,5000,0,0
청파동3가,전세,아파트,1539,0,52500,30000,0,0
청파동3가,전세,연립다세대,3085,0,36100,10000,0,0
청파동3가,전세,오피스텔,3420,0,32000,18400,0,0
체부동,전세,단독다가구,1453,0,45000,15000,0,0
체부동,전세,연립다세대,1413,0,40000,10000,0,0
충무로2가,전세,오피스텔,3507,0,44000,18500,0,0
충무로3가,전세,오피스텔,2556,0,25000,20000,0,0
충무로4가,전세,아파트,2003,0,110000,26500,0,0
충무로5가,전세,아파트,3021,0,33000,15000,0,0
충무로5가,전세,오피스텔,2563,0,29000,17500,0,0
충신동,전세,단독다가구,937,0,20000,3000,0,0
충신동,전세,아파트,2637,0,85000,50000,0,0
충신동,전세,연립다세대,2576,0,28000,12000,0,0
충신동,전세,오피스텔,1387,0,15000,15000,0,0
충정로2가,전세,단독다가구,1488,0,50000,5500,0,0
충정로2가,전세,아파트,1688,0,52000,43400,0,0
충정로2가,전세,연립다세대,1935,0,22000,14200,0,0
충정로2가,전세,오피스텔,2303,0,22000,17500,0,0
충정로3가,전세,단독다가구,962,0,32000,4000,0,0
충정로3가,전세,아파트,1993,0,58300,9000,0,0
충정로3가,전세,연립다세대,965,0,45000,8500,0,0
충정로3가,전세,오피스텔,1827,0,16300,16300,0,0
토정동,전세,단독다가구,807,0,11500,11500,0,0
토정동,전세,아파트,2725,0,80000,30000,0,0
토정동,전세,연립다세대,2816,0,38000,29000,0,0
통의동,전세,단독다가구,1361,0,42450,4000,0,0
통인동,전세,단독다가구,1275,0,35000,11000,0,0
통인동,전세,아파트,1127,0,21000,21000,0,0
통인동,전세,연립다세대,1531,0,70000,20000,0,0
팔판동,전세,단독다가구,2112,0,15000,14000,0,0
평동,전세,아파트,3896,0,160000,60000,0,0
평창동,전세,단독다가구,1289,0,125000,7000,0,0
평창동,전세,아파트,1783,0,118000,15000,0,0
평창동,전세,연립다세대,1435,0,90000,7000,0,0
풍납동,전세,단독다가구,1140,0,43000,1000,0,0
풍납동,전세,아파트,2316,0,105000,15000,0,0
풍납동,전세,연립다세대,1706,0,40000,6500,0,0
필동1가,전세,아파트,967,0,21500,21500,0,0
필동1가,전세,오피스텔,3412,0,45000,10000,0,0
필동2가,전세,단독다가구,1579,0,26000,10000,0,0
필동2가,전세,연립다세대,2548,0,35000,24000,0,0
필동3가,전세,단독다가구,1198,0,17000,11000,0,0
필동3가,전세,아파트,1010,0,35000,35000,0,0
필동3가,전세,연립다세대,3072,0,26500,14000,0,0
필운동,전세,단독다가구,1535,0,35000,10500,0,0
필운동,전세,아파트,2671,0,87000,87000,0,0
필운동,전세,연립다세대,1405,0,36750,34600,0,0
필운동,전세,오피스텔,1195,0,10000,10000,0,0
하계동,전세,단독다가구,951,0,25000,6500,0,0
하계동,전세,아파트,1573,0,67500,2400,0,0
하계동,전세,연립다세대,1332,0,67000,8000,0,0
하왕십리동,전세,단독다가구,1438,0,42000,5000,0,0
하왕십리동,전세,아파트,2852,0,140000,5593,0,0
하왕십리동,전세,연립다세대,3242,0,45000,12500,0,0
하왕십리동,전세,오피스텔,2672,0,31500,13000,0,0
하월곡동,전세,단독다가구,1194,0,32000,2000,0,0
하월곡동,전세,아파트,1860,0,110000,8800,0,0
하월곡동,전세,연립다세대,1834,0,38000,2400,0,0
하월곡동,전세,오피스텔,2367,0,40000,12600,0,0
하중동,전세,아파트,2857,0,168000,69000,0,0
한강로1가,전세,단독다가구,1454,0,25000,4000,0,0
한강로1가,전세,아파트,2808,0,110000,10000,0,0
한강로1가,전세,연립다세대,2704,0,43000,3500,0,0
한강로1가,전세,오피스텔,2204,0,53000,23700,0,0
한강로2가,전세,단독다가구,1123,0,17850,17850,0,0
한강로2가,전세,아파트,2811,0,241500,22000,0,0
한강로2가,전세,연립다세대,2473,0,35000,11025,0,0
한강로2가,전세,오피스텔,2297,0,50000,12500,0,0
한강로3가,전세,단독다가구,1044,0,25000,4100,0,0
한강로3가,전세,아파트,3325,0,200000,18000,0,0
한강로3가,전세,연립다세대,1570,0,42000,9500,0,0
한강로3가,전세,오피스텔,2838,0,43000,18500,0,0
한남동,전세,단독다가구,1217,0,60000,2000,0,0
한남동,전세,아파트,3515,0,740000,15000,0,0
한남동,전세,연립다세대,2818,0,450000,5000,0,0
한남동,전세,오피스텔,3799,0,38000,38000,0,0
합동,전세,아파트,2298,0,66000,36000,0,0
합동,전세,오피스텔,2087,0,43000,19000,5,0
합정동,전세,단독다가구,1340,0,36000,7000,0,0
합정동,전세,아파트,2698,0,155000,30000,0,0
합정동,전세,연립다세대,2121,0,50000,7000,0,0
합정동,전세,오피스텔,3822,0,45000,13000,0,0
항동,전세,단독다가구,1302,0,35000,17000,0,0
항동,전세,아파트,1765,0,70000,20000,0,0
항동,전세,연립다세대,1132,0,80000,10500,0,0
행당동,전세,단독다가구,1712,0,35500,3000,0,0
행당동,전세,아파트,2485,0,165000,3391,0,0
행당동,전세,연립다세대,2768,0,50800,5000,0,0
행당동,전세,오피스텔,2699,0,35200,12000,0,0
행촌동,전세,단독다가구,1279,0,43000,6000,0,0
행촌동,전세,아파트,1576,0,29400,8500,0,0
행촌동,전세,연립다세대,1179,0,35000,6000,0,0
현석동,전세,단독다가구,1398,0,30000,15000,0,0
현석동,전세,아파트,2888,0,153000,25000,0,0
현석동,전세,연립다세대,1585,0,32000,9000,0,0
현저동,전세,아파트,2161,0,87000,2438,0,0
혜화동,전세,단독다가구,1586,0,57000,3000,0,0
혜화동,전세,아파트,1895,0,80000,63000,0,0
혜화동,전세,연립다세대,1916,0,44000,13000,0,0
홍은동,전세,단독다가구,919,0,42000,1500,0,0
홍은동,전세,아파트,1789,0,110000,12000,0,0
홍은동,전세,연립다세대,1302,0,35000,3500,0,0
홍은동,전세,오피스텔,1702,0,30000,6000,0,0
홍익동,전세,단독다가구,1173,0,40000,6500,0,0
홍익동,전세,아파트,1897,0,58000,30000,0,0
홍익동,전세,연립다세대,2913,0,32500,11822,0,0
홍익동,전세,오피스텔,2921,1,35000,14860,8,0
홍제동,전세,단독다가구,980,0,30000,3000,0,0
홍제동,전세,아파트,1866,0,90000,2777,0,0
홍제동,전세,연립다세대,1583,0,34000,3000,0,0
홍제동,전세,오피스텔,2446,0,21000,17000,0,0
홍지동,전세,단독다가구,1139,0,65000,1300,0,0
홍지동,전세,연립다세대,888,0,35000,15000,0,0
홍파동,전세,아파트,3924,0,160000,50000,0,0
홍파동,전세,연립다세대,1369,0,28000,14330,0,0
화곡동,전세,단독다가구,958,0,40000,1000,0,0
화곡동,전세,아파트,2122,0,120000,5000,0,0
화곡동,전세,연립다세대,1680,0,46100,2800,0,0
화곡동,전세,오피스텔,2613,0,42900,1000,60,0
화동,전세,단독다가구,1373,0,23000,23000,0,0
화양동,전세,단독다가구,1648,0,40000,1800,0,0
화양동,전세,아파트,2630,0,70000,7300,0,0
화양동,전세,연립다세대,2639,0,40000,3060,0,0
화양동,전세,오피스텔,3341,0,42000,10000,12,0
황학동,전세,단독다가구,1023,0,40000,5000,0,0
황학동,전세,아파트,2442,0,87000,6500,0,0
황학동,전세,연립다세대,2619,0,37000,7000,0,0
황학동,전세,오피스텔,2604,0,50000,11200,0,0
회기동,전세,단독다가구,1384,0,30000,5000,0,0
회기동,전세,아파트,2218,0,80000,9000,0,0
회기동,전세,연립다세대,1902,0,27000,7100,0,0
회기동,전세,오피스텔,1926,0,11000,9600,0,0
회현동1가,전세,단독다가구,1176,0,22500,7000,0,0
회현동1가,전세,아파트,2870,0,220000,21000,0,0
회현동1가,전세,연립다세대,2867,0,26400,14890,0,0
회현동2가,전세,단독다가구,1163,0,24000,19000,0,0
회현동2가,전세,아파트,2543,0,175000,100000,0,0
회현동2가,전세,연립다세대,1695,0,20000,20000,0,0
회현동3가,전세,단독다가구,1760,0,12000,7000,0,0
효자동,전세,단독다가구,1531,0,52000,20000,0,0
효자동,전세,연립다세대,1945,0,80000,46000,0,0
효제동,전세,단독다가구,1157,0,10000,10000,0,0
효제동,전세,아파트,3337,0,35000,13000,0,0
효제동,전세,오피스텔,3134,0,21000,16000,0,0
효창동,전세,단독다가구,1437,0,70000,6500,0,0
효창동,전세,아파트,2995,0,105000,18000,0,0
효창동,전세,연립다세대,2549,0,50000,9950,0,0
후암동,전세,단독다가구,1320,0,50000,2190,0,0
후암동,전세,아파트,1494,0,85000,12000,0,0
후암동,전세,연립다세대,2163,0,67000,8500,0,0
후암동,전세,오피스텔,1248,0,13000,13000,0,0
휘경동,전세,단독다가구,1428,0,30800,4000,0,0
휘경동,전세,아파트,1956,0,90000,6841,0,0
휘경동,전세,연립다세대,2527,0,45000,3500,0,0
휘경동,전세,오피스텔,3074,0,26000,5000,0,0
흑석동,전세,단독다가구,1523,0,54000,3500,0,0
흑석동,전세,아파트,2607,0,150000,3216,0,0
흑석동,전세,연립다세대,1983,0,43000,10000,0,0
흥인동,전세,단독다가구,275,0,2500,2500,0,0
흥인동,전세,아파트,2591,0,142000,13600,0,0
흥인동,전세,오피스텔,2423,0,50000,13500,0,0
