,bjd_cd,center_point,center_long,center_lati,bjd_nm,level,sd_cd,sd_nm,sgg_cd,sgg_nm,emd_cd,emd_nm,li_nm,sgg_cnt,emd_cnt,li_cnt,sgg_list,emd_list,li_list
0,1100000000,POINT (126.9918052066339 37.551902938787826),126.9918052066339,37.55190293878783,서울특별시,0,11,서울특별시,11000.0,,11000000,,,25,467,0,"['서울특별시 종로구' '서울특별시 중구' '서울특별시 용산구' '서울특별시 성동구' '서울특별시 광진구' '서울특별시 동대문구'
 '서울특별시 중랑구' '서울특별시 성북구' '서울특별시 강북구' '서울특별시 도봉구' '서울특별시 노원구' '서울특별시 은평구'
 '서울특별시 서대문구' '서울특별시 마포구' '서울특별시 양천구' '서울특별시 강서구' '서울특별시 구로구' '서울특별시 금천구'
 '서울특별시 영등포구' '서울특별시 동작구' '서울특별시 관악구' '서울특별시 서초구' '서울특별시 강남구' '서울특별시 송파구'
 '서울특별시 강동구']",,
1,1111000000,POINT (126.97732129487213 37.59491731931452),126.97732129487213,37.59491731931452,서울특별시 종로구,1,11,서울특별시,11110.0,종로구,11110000,,,0,87,0,,"['서울특별시 종로구 청운동' '서울특별시 종로구 신교동' '서울특별시 종로구 궁정동' '서울특별시 종로구 효자동'
 '서울특별시 종로구 창성동' '서울특별시 종로구 통의동' '서울특별시 종로구 적선동' '서울특별시 종로구 통인동'
 '서울특별시 종로구 누상동' '서울특별시 종로구 누하동' '서울특별시 종로구 옥인동' '서울특별시 종로구 체부동'
 '서울특별시 종로구 필운동' '서울특별시 종로구 내자동' '서울특별시 종로구 사직동' '서울특별시 종로구 도렴동'
 '서울특별시 종로구 당주동' '서울특별시 종로구 내수동' '서울특별시 종로구 세종로' '서울특별시 종로구 신문로1가'
 '서울특별시 종로구 신문로2가' '서울특별시 종로구 청진동' '서울특별시 종로구 서린동' '서울특별시 종로구 수송동'
 '서울특별시 종로구 중학동' '서울특별시 종로구 종로1가' '서울특별시 종로구 공평동' '서울특별시 종로구 관훈동'
 '서울특별시 종로구 견지동' '서울특별시 종로구 와룡동' '서울특별시 종로구 권농동' '서울특별시 종로구 운니동'
 '서울특별시 종로구 익선동' '서울특별시 종로구 경운동' '서울특별시 종로구 관철동' '서울특별시 종로구 인사동'
 '서울특별시 종로구 낙원동' '서울특별시 종로구 종로2가' '서울특별시 종로구 팔판동' '서울특별시 종로구 삼청동'
 '서울특별시 종로구 안국동' '서울특별시 종로구 소격동' '서울특별시 종로구 화동' '서울특별시 종로구 사간동'
 '서울특별시 종로구 송현동' '서울특별시 종로구 가회동' '서울특별시 종로구 재동' '서울특별시 종로구 계동'
 '서울특별시 종로구 원서동' '서울특별시 종로구 훈정동' '서울특별시 종로구 묘동' '서울특별시 종로구 봉익동'
 '서울특별시 종로구 돈의동' '서울특별시 종로구 장사동' '서울특별시 종로구 관수동' '서울특별시 종로구 종로3가'
 '서울특별시 종로구 인의동' '서울특별시 종로구 예지동' '서울특별시 종로구 원남동' '서울특별시 종로구 연지동'
 '서울특별시 종로구 종로4가' '서울특별시 종로구 효제동' '서울특별시 종로구 종로5가' '서울특별시 종로구 종로6가'
 '서울특별시 종로구 이화동' '서울특별시 종로구 연건동' '서울특별시 종로구 충신동' '서울특별시 종로구 동숭동'
 '서울특별시 종로구 혜화동' '서울특별시 종로구 명륜1가' '서울특별시 종로구 명륜2가' '서울특별시 종로구 명륜4가'
 '서울특별시 종로구 명륜3가' '서울특별시 종로구 창신동' '서울특별시 종로구 숭인동' '서울특별시 종로구 교남동'
 '서울특별시 종로구 평동' '서울특별시 종로구 송월동' '서울특별시 종로구 홍파동' '서울특별시 종로구 교북동'
 '서울특별시 종로구 행촌동' '서울특별시 종로구 구기동' '서울특별시 종로구 평창동' '서울특별시 종로구 부암동'
 '서울특별시 종로구 홍지동' '서울특별시 종로구 신영동' '서울특별시 종로구 무악동']",
2,1111010100,POINT (126.96932389009248 37.58920545163482),126.96932389009248,37.58920545163482,서울특별시 종로구 청운동,2,11,서울특별시,11110.0,종로구,11110101,청운동,,0,0,0,,,
3,1111010200,POINT (126.96794151918255 37.58450634891726),126.96794151918256,37.58450634891726,서울특별시 종로구 신교동,2,11,서울특별시,11110.0,종로구,11110102,신교동,,0,0,0,,,
4,1111010300,POINT (126.9727063196789 37.58469795480878),126.9727063196789,37.58469795480878,서울특별시 종로구 궁정동,2,11,서울특별시,11110.0,종로구,11110103,궁정동,,0,0,0,,,
5,1111010400,POINT (126.97195272945544 37.58266755624465),126.97195272945544,37.58266755624465,서울특별시 종로구 효자동,2,11,서울특별시,11110.0,종로구,11110104,효자동,,0,0,0,,,
6,1111010500,POINT (126.97247438320997 37.58056045161147),126.97247438320996,37.58056045161147,서울특별시 종로구 창성동,2,11,서울특별시,11110.0,종로구,11110105,창성동,,0,0,0,,,
7,1111010600,POINT (126.97286981564723 37.57807740683369),126.97286981564724,37.57807740683369,서울특별시 종로구 통의동,2,11,서울특별시,11110.0,종로구,11110106,통의동,,0,0,0,,,
8,1111010700,POINT (126.9737908430541 37.575321285600985),126.9737908430541,37.575321285600985,서울특별시 종로구 적선동,2,11,서울특별시,11110.0,종로구,11110107,적선동,,0,0,0,,,
9,1111010800,POINT (126.97021938727214 37.580161372443214),126.97021938727214,37.580161372443214,서울특별시 종로구 통인동,2,11,서울특별시,11110.0,종로구,11110108,통인동,,0,0,0,,,
10,1111010900,POINT (126.96273702005307 37.58039872906021),126.96273702005308,37.58039872906021,서울특별시 종로구 누상동,2,11,서울특별시,11110.0,종로구,11110109,누상동,,0,0,0,,,
11,1111011000,POINT (126.96828404299777 37.57929005243838),126.96828404299777,37.57929005243838,서울특별시 종로구 누하동,2,11,서울특별시,11110.0,종로구,11110110,누하동,,0,0,0,,,
12,1111011100,POINT (126.96341008149724 37.58353853364109),126.96341008149724,37.58353853364109,서울특별시 종로구 옥인동,2,11,서울특별시,11110.0,종로구,11110111,옥인동,,0,0,0,,,
13,1111011200,POINT (126.97087303204206 37.57759349965921),126.97087303204206,37.57759349965921,서울특별시 종로구 체부동,2,11,서울특별시,11110.0,종로구,11110112,체부동,,0,0,0,,,
14,1111011300,POINT (126.9681452560928 37.577299434811856),126.9681452560928,37.577299434811856,서울특별시 종로구 필운동,2,11,서울특별시,11110.0,종로구,11110113,필운동,,0,0,0,,,
15,1111011400,POINT (126.97174231153433 37.5753136695521),126.97174231153431,37.5753136695521,서울특별시 종로구 내자동,2,11,서울특별시,11110.0,종로구,11110114,내자동,,0,0,0,,,
16,1111011500,POINT (126.9659572423807 37.57541165584238),126.9659572423807,37.57541165584238,서울특별시 종로구 사직동,2,11,서울특별시,11110.0,종로구,11110115,사직동,,0,0,0,,,
17,1111011600,POINT (126.97475892611477 37.573123241366375),126.97475892611476,37.573123241366375,서울특별시 종로구 도렴동,2,11,서울특별시,11110.0,종로구,11110116,도렴동,,0,0,0,,,
18,1111011700,POINT (126.97401354941897 37.571588285826834),126.97401354941896,37.571588285826834,서울특별시 종로구 당주동,2,11,서울특별시,11110.0,종로구,11110117,당주동,,0,0,0,,,
19,1111011800,POINT (126.97197171146105 37.57332521455621),126.97197171146104,37.57332521455621,서울특별시 종로구 내수동,2,11,서울특별시,11110.0,종로구,11110118,내수동,,0,0,0,,,
20,1111011900,POINT (126.97678924044386 37.58030400665684),126.97678924044386,37.58030400665684,서울특별시 종로구 세종로,2,11,서울특별시,11110.0,종로구,11110119,세종로,,0,0,0,,,
21,1111012000,POINT (126.97392196450545 37.570190180619534),126.97392196450544,37.570190180619534,서울특별시 종로구 신문로1가,2,11,서울특별시,11110.0,종로구,11110120,신문로1가,,0,0,0,,,
22,1111012100,POINT (126.96922532735066 37.57086963187709),126.96922532735066,37.57086963187709,서울특별시 종로구 신문로2가,2,11,서울특별시,11110.0,종로구,11110121,신문로2가,,0,0,0,,,
23,1111012200,POINT (126.98017892811113 37.571451088047304),126.98017892811112,37.5714510880473,서울특별시 종로구 청진동,2,11,서울특별시,11110.0,종로구,11110122,청진동,,0,0,0,,,
24,1111012300,POINT (126.98042066849104 37.569522044831395),126.98042066849104,37.5695220448314,서울특별시 종로구 서린동,2,11,서울특별시,11110.0,종로구,11110123,서린동,,0,0,0,,,
25,1111012400,POINT (126.9806452826977 37.573698243538665),126.9806452826977,37.573698243538665,서울특별시 종로구 수송동,2,11,서울특별시,11110.0,종로구,11110124,수송동,,0,0,0,,,
26,1111012500,POINT (126.97967773060424 37.5753129472215),126.97967773060424,37.5753129472215,서울특별시 종로구 중학동,2,11,서울특별시,11110.0,종로구,11110125,중학동,,0,0,0,,,
27,1111012600,POINT (126.97971510148156 37.57043337244349),126.97971510148156,37.57043337244349,서울특별시 종로구 종로1가,2,11,서울특별시,11110.0,종로구,11110126,종로1가,,0,0,0,,,
28,1111012700,POINT (126.98317833735251 37.57130655139329),126.98317833735253,37.57130655139329,서울특별시 종로구 공평동,2,11,서울특별시,11110.0,종로구,11110127,공평동,,0,0,0,,,
29,1111012800,POINT (126.98468251937189 37.57415667865766),126.98468251937187,37.57415667865766,서울특별시 종로구 관훈동,2,11,서울특별시,11110.0,종로구,11110128,관훈동,,0,0,0,,,
30,1111012900,POINT (126.98301275014333 37.57352260818102),126.98301275014332,37.57352260818102,서울특별시 종로구 견지동,2,11,서울특별시,11110.0,종로구,11110129,견지동,,0,0,0,,,
31,1111013000,POINT (126.99255009481925 37.58171456591497),126.99255009481924,37.58171456591497,서울특별시 종로구 와룡동,2,11,서울특별시,11110.0,종로구,11110130,와룡동,,0,0,0,,,
32,1111013100,POINT (126.99167439086214 37.57650587444806),126.99167439086214,37.57650587444806,서울특별시 종로구 권농동,2,11,서울특별시,11110.0,종로구,11110131,권농동,,0,0,0,,,
33,1111013200,POINT (126.98823885910845 37.57638911544712),126.98823885910844,37.57638911544712,서울특별시 종로구 운니동,2,11,서울특별시,11110.0,종로구,11110132,운니동,,0,0,0,,,
34,1111013300,POINT (126.98970574024354 37.57434876787947),126.98970574024354,37.57434876787947,서울특별시 종로구 익선동,2,11,서울특별시,11110.0,종로구,11110133,익선동,,0,0,0,,,
35,1111013400,POINT (126.98642080590284 37.57520167914755),126.98642080590284,37.57520167914755,서울특별시 종로구 경운동,2,11,서울특별시,11110.0,종로구,11110134,경운동,,0,0,0,,,
36,1111013500,POINT (126.98600436891428 37.56912547510177),126.98600436891428,37.56912547510177,서울특별시 종로구 관철동,2,11,서울특별시,11110.0,종로구,11110135,관철동,,0,0,0,,,
37,1111013600,POINT (126.98607381515829 37.5717156729493),126.98607381515828,37.5717156729493,서울특별시 종로구 인사동,2,11,서울특별시,11110.0,종로구,11110136,인사동,,0,0,0,,,
38,1111013700,POINT (126.98862327282654 37.57257267644361),126.98862327282654,37.57257267644361,서울특별시 종로구 낙원동,2,11,서울특별시,11110.0,종로구,11110137,낙원동,,0,0,0,,,
39,1111013800,POINT (126.98693467403646 37.57045829976956),126.98693467403646,37.57045829976956,서울특별시 종로구 종로2가,2,11,서울특별시,11110.0,종로구,11110138,종로2가,,0,0,0,,,
40,1111013900,POINT (126.98072612075659 37.58279761049114),126.9807261207566,37.58279761049114,서울특별시 종로구 팔판동,2,11,서울특별시,11110.0,종로구,11110139,팔판동,,0,0,0,,,
41,1111014000,POINT (126.98100988457196 37.59075470415767),126.98100988457196,37.59075470415767,서울특별시 종로구 삼청동,2,11,서울특별시,11110.0,종로구,11110140,삼청동,,0,0,0,,,
42,1111014100,POINT (126.9836298511597 37.57740018729681),126.9836298511597,37.57740018729681,서울특별시 종로구 안국동,2,11,서울특별시,11110.0,종로구,11110141,안국동,,0,0,0,,,
43,1111014200,POINT (126.98093437556888 37.57962288348299),126.98093437556888,37.57962288348299,서울특별시 종로구 소격동,2,11,서울특별시,11110.0,종로구,11110142,소격동,,0,0,0,,,
44,1111014300,POINT (126.98273107120545 37.580691508495185),126.98273107120544,37.58069150849519,서울특별시 종로구 화동,2,11,서울특별시,11110.0,종로구,11110143,화동,,0,0,0,,,
45,1111014400,POINT (126.980400324953 37.577262226951376),126.980400324953,37.577262226951376,서울특별시 종로구 사간동,2,11,서울특별시,11110.0,종로구,11110144,사간동,,0,0,0,,,
46,1111014500,POINT (126.98187279530626 37.57677743589305),126.98187279530626,37.57677743589305,서울특별시 종로구 송현동,2,11,서울특별시,11110.0,종로구,11110145,송현동,,0,0,0,,,
47,1111014600,POINT (126.98484153469137 37.58268347207925),126.98484153469136,37.58268347207925,서울특별시 종로구 가회동,2,11,서울특별시,11110.0,종로구,11110146,가회동,,0,0,0,,,
48,1111014700,POINT (126.98528428964963 37.578328531163805),126.98528428964964,37.578328531163805,서울특별시 종로구 재동,2,11,서울특별시,11110.0,종로구,11110147,재동,,0,0,0,,,
49,1111014800,POINT (126.98692980372641 37.582351846324634),126.9869298037264,37.58235184632464,서울특별시 종로구 계동,2,11,서울특별시,11110.0,종로구,11110148,계동,,0,0,0,,,
50,1111014900,POINT (126.98826331318953 37.58392421013851),126.98826331318952,37.58392421013851,서울특별시 종로구 원서동,2,11,서울특별시,11110.0,종로구,11110149,원서동,,0,0,0,,,
51,1111015000,POINT (126.9941960278526 37.574384332564186),126.9941960278526,37.574384332564186,서울특별시 종로구 훈정동,2,11,서울특별시,11110.0,종로구,11110150,훈정동,,0,0,0,,,
52,1111015100,POINT (126.99174265039893 37.57243596374251),126.99174265039892,37.57243596374251,서울특별시 종로구 묘동,2,11,서울특별시,11110.0,종로구,11110151,묘동,,0,0,0,,,
53,1111015200,POINT (126.99299803628332 37.57219469612485),126.99299803628332,37.57219469612485,서울특별시 종로구 봉익동,2,11,서울특별시,11110.0,종로구,11110152,봉익동,,0,0,0,,,
54,1111015300,POINT (126.99074167977776 37.571981862919145),126.99074167977776,37.571981862919145,서울특별시 종로구 돈의동,2,11,서울특별시,11110.0,종로구,11110153,돈의동,,0,0,0,,,
55,1111015400,POINT (126.99404398196442 37.56923760202097),126.99404398196442,37.56923760202097,서울특별시 종로구 장사동,2,11,서울특별시,11110.0,종로구,11110154,장사동,,0,0,0,,,
56,1111015500,POINT (126.99047530198673 37.569076539627034),126.99047530198672,37.56907653962704,서울특별시 종로구 관수동,2,11,서울특별시,11110.0,종로구,11110155,관수동,,0,0,0,,,
57,1111015600,POINT (126.99235338725019 37.5704084791026),126.9923533872502,37.5704084791026,서울특별시 종로구 종로3가,2,11,서울특별시,11110.0,종로구,11110156,종로3가,,0,0,0,,,
58,1111015700,POINT (126.99769255741965 37.57234351946251),126.99769255741964,37.57234351946251,서울특별시 종로구 인의동,2,11,서울특별시,11110.0,종로구,11110157,인의동,,0,0,0,,,
59,1111015800,POINT (126.99830829527902 37.56963702719009),126.99830829527902,37.56963702719009,서울특별시 종로구 예지동,2,11,서울특별시,11110.0,종로구,11110158,예지동,,0,0,0,,,
60,1111015900,POINT (126.99753716498913 37.57556172876005),126.99753716498913,37.57556172876005,서울특별시 종로구 원남동,2,11,서울특별시,11110.0,종로구,11110159,원남동,,0,0,0,,,
61,1111016000,POINT (127.00016842135202 37.57375254490844),127.00016842135202,37.57375254490844,서울특별시 종로구 연지동,2,11,서울특별시,11110.0,종로구,11110160,연지동,,0,0,0,,,
62,1111016100,POINT (126.99795319615286 37.5706720170361),126.99795319615286,37.5706720170361,서울특별시 종로구 종로4가,2,11,서울특별시,11110.0,종로구,11110161,종로4가,,0,0,0,,,
63,1111016200,POINT (127.00308823124071 37.573050002580544),127.00308823124072,37.573050002580544,서울특별시 종로구 효제동,2,11,서울특별시,11110.0,종로구,11110162,효제동,,0,0,0,,,
64,1111016300,POINT (127.0035339497852 37.570617414988476),127.0035339497852,37.57061741498848,서울특별시 종로구 종로5가,2,11,서울특별시,11110.0,종로구,11110163,종로5가,,0,0,0,,,
65,1111016400,POINT (127.00768521364444 37.57194721575769),127.00768521364444,37.57194721575769,서울특별시 종로구 종로6가,2,11,서울특별시,11110.0,종로구,11110164,종로6가,,0,0,0,,,
66,1111016500,POINT (127.00563300102678 37.5772404917289),127.00563300102678,37.5772404917289,서울특별시 종로구 이화동,2,11,서울특별시,11110.0,종로구,11110165,이화동,,0,0,0,,,
67,1111016600,POINT (126.99969439117477 37.57870344083053),126.99969439117476,37.57870344083053,서울특별시 종로구 연건동,2,11,서울특별시,11110.0,종로구,11110166,연건동,,0,0,0,,,
68,1111016700,POINT (127.00596199280645 37.57495880238612),127.00596199280643,37.57495880238612,서울특별시 종로구 충신동,2,11,서울특별시,11110.0,종로구,11110167,충신동,,0,0,0,,,
69,1111016800,POINT (127.00487909862032 37.581403921847574),127.00487909862032,37.58140392184757,서울특별시 종로구 동숭동,2,11,서울특별시,11110.0,종로구,11110168,동숭동,,0,0,0,,,
70,1111016900,POINT (127.00175479474866 37.58781302311143),127.00175479474866,37.58781302311143,서울특별시 종로구 혜화동,2,11,서울특별시,11110.0,종로구,11110169,혜화동,,0,0,0,,,
71,1111017000,POINT (126.99748755409695 37.58911429431966),126.99748755409696,37.58911429431966,서울특별시 종로구 명륜1가,2,11,서울특별시,11110.0,종로구,11110170,명륜1가,,0,0,0,,,
72,1111017100,POINT (126.99904129388828 37.58470007701993),126.99904129388828,37.58470007701993,서울특별시 종로구 명륜2가,2,11,서울특별시,11110.0,종로구,11110171,명륜2가,,0,0,0,,,
73,1111017200,POINT (126.9998816334622 37.58223245425522),126.9998816334622,37.58223245425522,서울특별시 종로구 명륜4가,2,11,서울특별시,11110.0,종로구,11110172,명륜4가,,0,0,0,,,
74,1111017300,POINT (126.99314729461652 37.58822121021423),126.99314729461652,37.58822121021423,서울특별시 종로구 명륜3가,2,11,서울특별시,11110.0,종로구,11110173,명륜3가,,0,0,0,,,
75,1111017400,POINT (127.01244857871161 37.57540762160564),127.0124485787116,37.57540762160564,서울특별시 종로구 창신동,2,11,서울특별시,11110.0,종로구,11110174,창신동,,0,0,0,,,
76,1111017500,POINT (127.01894561605954 37.575574096780194),127.01894561605954,37.575574096780194,서울특별시 종로구 숭인동,2,11,서울특별시,11110.0,종로구,11110175,숭인동,,0,0,0,,,
77,1111017600,POINT (126.96446849867588 37.568547713531146),126.96446849867588,37.568547713531146,서울특별시 종로구 교남동,2,11,서울특별시,11110.0,종로구,11110176,교남동,,0,0,0,,,
78,1111017700,POINT (126.96686100341647 37.567916344217714),126.96686100341648,37.567916344217714,서울특별시 종로구 평동,2,11,서울특별시,11110.0,종로구,11110177,평동,,0,0,0,,,
79,1111017800,POINT (126.96521818465654 37.5700804958256),126.96521818465654,37.5700804958256,서울특별시 종로구 송월동,2,11,서울특별시,11110.0,종로구,11110178,송월동,,0,0,0,,,
80,1111017900,POINT (126.9639856866014 37.57115083713443),126.9639856866014,37.57115083713443,서울특별시 종로구 홍파동,2,11,서울특별시,11110.0,종로구,11110179,홍파동,,0,0,0,,,
81,1111018000,POINT (126.96145761746558 37.57153891930704),126.96145761746558,37.57153891930704,서울특별시 종로구 교북동,2,11,서울특별시,11110.0,종로구,11110180,교북동,,0,0,0,,,
82,1111018100,POINT (126.96262743980544 37.57368012492684),126.96262743980544,37.57368012492684,서울특별시 종로구 행촌동,2,11,서울특별시,11110.0,종로구,11110181,행촌동,,0,0,0,,,
83,1111018200,POINT (126.95927536040698 37.619378239513765),126.95927536040698,37.619378239513765,서울특별시 종로구 구기동,2,11,서울특별시,11110.0,종로구,11110182,구기동,,0,0,0,,,
84,1111018300,POINT (126.9745007230845 37.61302930533325),126.9745007230845,37.61302930533325,서울특별시 종로구 평창동,2,11,서울특별시,11110.0,종로구,11110183,평창동,,0,0,0,,,
85,1111018400,POINT (126.96559042130346 37.59476324556175),126.96559042130346,37.59476324556175,서울특별시 종로구 부암동,2,11,서울특별시,11110.0,종로구,11110184,부암동,,0,0,0,,,
86,1111018500,POINT (126.9564818138634 37.600855955518924),126.9564818138634,37.60085595551893,서울특별시 종로구 홍지동,2,11,서울특별시,11110.0,종로구,11110185,홍지동,,0,0,0,,,
87,1111018600,POINT (126.96183780823503 37.60252000546712),126.96183780823505,37.60252000546712,서울특별시 종로구 신영동,2,11,서울특별시,11110.0,종로구,11110186,신영동,,0,0,0,,,
88,1111018700,POINT (126.95858144626158 37.57710995668271),126.95858144626158,37.57710995668271,서울특별시 종로구 무악동,2,11,서울특별시,11110.0,종로구,11110187,무악동,,0,0,0,,,
89,1114000000,POINT (126.99596813970754 37.56014356455128),126.99596813970754,37.56014356455128,서울특별시 중구,1,11,서울특별시,11140.0,중구,11140000,,,0,74,0,,"['서울특별시 중구 무교동' '서울특별시 중구 다동' '서울특별시 중구 태평로1가' '서울특별시 중구 을지로1가'
 '서울특별시 중구 을지로2가' '서울특별시 중구 남대문로1가' '서울특별시 중구 삼각동' '서울특별시 중구 수하동'
 '서울특별시 중구 장교동' '서울특별시 중구 수표동' '서울특별시 중구 소공동' '서울특별시 중구 남창동'
 '서울특별시 중구 북창동' '서울특별시 중구 태평로2가' '서울특별시 중구 남대문로2가' '서울특별시 중구 남대문로3가'
 '서울특별시 중구 남대문로4가' '서울특별시 중구 남대문로5가' '서울특별시 중구 봉래동1가' '서울특별시 중구 봉래동2가'
 '서울특별시 중구 회현동1가' '서울특별시 중구 회현동2가' '서울특별시 중구 회현동3가' '서울특별시 중구 충무로1가'
 '서울특별시 중구 충무로2가' '서울특별시 중구 명동1가' '서울특별시 중구 명동2가' '서울특별시 중구 남산동1가'
 '서울특별시 중구 남산동2가' '서울특별시 중구 남산동3가' '서울특별시 중구 저동1가' '서울특별시 중구 충무로4가'
 '서울특별시 중구 충무로5가' '서울특별시 중구 인현동2가' '서울특별시 중구 예관동' '서울특별시 중구 묵정동'
 '서울특별시 중구 필동1가' '서울특별시 중구 필동2가' '서울특별시 중구 필동3가' '서울특별시 중구 남학동'
 '서울특별시 중구 주자동' '서울특별시 중구 예장동' '서울특별시 중구 장충동1가' '서울특별시 중구 장충동2가'
 '서울특별시 중구 광희동1가' '서울특별시 중구 광희동2가' '서울특별시 중구 쌍림동' '서울특별시 중구 을지로6가'
 '서울특별시 중구 을지로7가' '서울특별시 중구 을지로4가' '서울특별시 중구 을지로5가' '서울특별시 중구 주교동'
 '서울특별시 중구 방산동' '서울특별시 중구 오장동' '서울특별시 중구 을지로3가' '서울특별시 중구 입정동'
 '서울특별시 중구 산림동' '서울특별시 중구 충무로3가' '서울특별시 중구 초동' '서울특별시 중구 인현동1가'
 '서울특별시 중구 저동2가' '서울특별시 중구 신당동' '서울특별시 중구 흥인동' '서울특별시 중구 무학동'
 '서울특별시 중구 황학동' '서울특별시 중구 서소문동' '서울특별시 중구 정동' '서울특별시 중구 순화동'
 '서울특별시 중구 의주로1가' '서울특별시 중구 충정로1가' '서울특별시 중구 중림동' '서울특별시 중구 의주로2가'
 '서울특별시 중구 만리동1가' '서울특별시 중구 만리동2가']",
90,1114010100,POINT (126.97900918698292 37.56815708117612),126.97900918698292,37.56815708117612,서울특별시 중구 무교동,2,11,서울특별시,11140.0,중구,11140101,무교동,,0,0,0,,,
91,1114010200,POINT (126.98118625301409 37.56790939566287),126.98118625301407,37.56790939566287,서울특별시 중구 다동,2,11,서울특별시,11140.0,중구,11140102,다동,,0,0,0,,,
92,1114010300,POINT (126.97724653215379 37.56773133006931),126.9772465321538,37.56773133006931,서울특별시 중구 태평로1가,2,11,서울특별시,11140.0,중구,11140103,태평로1가,,0,0,0,,,
93,1114010400,POINT (126.98054032657825 37.56599854357898),126.98054032657824,37.56599854357898,서울특별시 중구 을지로1가,2,11,서울특별시,11140.0,중구,11140104,을지로1가,,0,0,0,,,
94,1114010500,POINT (126.98593010233735 37.565884296425935),126.98593010233736,37.565884296425935,서울특별시 중구 을지로2가,2,11,서울특별시,11140.0,중구,11140105,을지로2가,,0,0,0,,,
95,1114010600,POINT (126.98286040049202 37.56757978088316),126.98286040049202,37.56757978088316,서울특별시 중구 남대문로1가,2,11,서울특별시,11140.0,중구,11140106,남대문로1가,,0,0,0,,,
96,1114010700,POINT (126.98424757931525 37.568097469121454),126.98424757931524,37.568097469121454,서울특별시 중구 삼각동,2,11,서울특별시,11140.0,중구,11140107,삼각동,,0,0,0,,,
97,1114010800,POINT (126.98464042485973 37.56728481952557),126.98464042485972,37.56728481952557,서울특별시 중구 수하동,2,11,서울특별시,11140.0,중구,11140108,수하동,,0,0,0,,,
98,1114010900,POINT (126.98698484927395 37.56744983402337),126.98698484927397,37.56744983402337,서울특별시 중구 장교동,2,11,서울특별시,11140.0,중구,11140109,장교동,,0,0,0,,,
99,1114011000,POINT (126.98951547600312 37.56746731905914),126.98951547600312,37.56746731905914,서울특별시 중구 수표동,2,11,서울특별시,11140.0,중구,11140110,수표동,,0,0,0,,,
100,1114011100,POINT (126.98006471745654 37.56407543993922),126.98006471745654,37.56407543993922,서울특별시 중구 소공동,2,11,서울특별시,11140.0,중구,11140111,소공동,,0,0,0,,,
101,1114011200,POINT (126.9776216378925 37.55807987885562),126.9776216378925,37.55807987885562,서울특별시 중구 남창동,2,11,서울특별시,11140.0,중구,11140112,남창동,,0,0,0,,,
102,1114011300,POINT (126.97820456495741 37.56245260083161),126.9782045649574,37.56245260083161,서울특별시 중구 북창동,2,11,서울특별시,11140.0,중구,11140113,북창동,,0,0,0,,,
103,1114011400,POINT (126.97636348715682 37.56298803447264),126.97636348715682,37.56298803447264,서울특별시 중구 태평로2가,2,11,서울특별시,11140.0,중구,11140114,태평로2가,,0,0,0,,,
104,1114011500,POINT (126.98211804043018 37.56395496893697),126.98211804043018,37.56395496893697,서울특별시 중구 남대문로2가,2,11,서울특별시,11140.0,중구,11140115,남대문로2가,,0,0,0,,,
105,1114011600,POINT (126.97959161637786 37.56170045546516),126.97959161637786,37.56170045546516,서울특별시 중구 남대문로3가,2,11,서울특별시,11140.0,중구,11140116,남대문로3가,,0,0,0,,,
106,1114011700,POINT (126.97569996292505 37.56060500514221),126.97569996292503,37.56060500514221,서울특별시 중구 남대문로4가,2,11,서울특별시,11140.0,중구,11140117,남대문로4가,,0,0,0,,,
107,1114011800,POINT (126.97531145977177 37.55610012833445),126.97531145977176,37.55610012833445,서울특별시 중구 남대문로5가,2,11,서울특별시,11140.0,중구,11140118,남대문로5가,,0,0,0,,,
108,1114011900,POINT (126.97277252785354 37.55909998589426),126.97277252785354,37.55909998589426,서울특별시 중구 봉래동1가,2,11,서울특별시,11140.0,중구,11140119,봉래동1가,,0,0,0,,,
109,1114012000,POINT (126.97098712917497 37.55655630475127),126.97098712917496,37.55655630475127,서울특별시 중구 봉래동2가,2,11,서울특별시,11140.0,중구,11140120,봉래동2가,,0,0,0,,,
110,1114012100,POINT (126.98151449399457 37.556510312046015),126.98151449399457,37.556510312046015,서울특별시 중구 회현동1가,2,11,서울특별시,11140.0,중구,11140121,회현동1가,,0,0,0,,,
111,1114012200,POINT (126.98293416442716 37.55876257669636),126.98293416442716,37.55876257669636,서울특별시 중구 회현동2가,2,11,서울특별시,11140.0,중구,11140122,회현동2가,,0,0,0,,,
112,1114012300,POINT (126.98407707211707 37.56016837665135),126.98407707211707,37.56016837665135,서울특별시 중구 회현동3가,2,11,서울특별시,11140.0,중구,11140123,회현동3가,,0,0,0,,,
113,1114012400,POINT (126.98251818079633 37.56117000203548),126.98251818079632,37.56117000203548,서울특별시 중구 충무로1가,2,11,서울특별시,11140.0,중구,11140124,충무로1가,,0,0,0,,,
114,1114012500,POINT (126.9877968348956 37.561728562778875),126.9877968348956,37.56172856277888,서울특별시 중구 충무로2가,2,11,서울특별시,11140.0,중구,11140125,충무로2가,,0,0,0,,,
115,1114012600,POINT (126.98466250889662 37.56430295918182),126.98466250889662,37.56430295918182,서울특별시 중구 명동1가,2,11,서울특별시,11140.0,중구,11140126,명동1가,,0,0,0,,,
116,1114012700,POINT (126.98525403339025 37.56290324543975),126.98525403339023,37.56290324543975,서울특별시 중구 명동2가,2,11,서울특별시,11140.0,중구,11140127,명동2가,,0,0,0,,,
117,1114012800,POINT (126.98459765504408 37.55934758943794),126.98459765504408,37.55934758943794,서울특별시 중구 남산동1가,2,11,서울특별시,11140.0,중구,11140128,남산동1가,,0,0,0,,,
118,1114012900,POINT (126.98578758176899 37.558591578754445),126.985787581769,37.558591578754445,서울특별시 중구 남산동2가,2,11,서울특별시,11140.0,중구,11140129,남산동2가,,0,0,0,,,
119,1114013000,POINT (126.98741755092406 37.56015396874177),126.98741755092406,37.56015396874177,서울특별시 중구 남산동3가,2,11,서울특별시,11140.0,중구,11140130,남산동3가,,0,0,0,,,
120,1114013100,POINT (126.98780508174228 37.56442966227839),126.98780508174228,37.56442966227839,서울특별시 중구 저동1가,2,11,서울특별시,11140.0,중구,11140131,저동1가,,0,0,0,,,
121,1114013200,POINT (126.99583929028643 37.56232924838506),126.99583929028644,37.56232924838506,서울특별시 중구 충무로4가,2,11,서울특별시,11140.0,중구,11140132,충무로4가,,0,0,0,,,
122,1114013300,POINT (126.99964157485054 37.56284331633646),126.99964157485054,37.56284331633646,서울특별시 중구 충무로5가,2,11,서울특별시,11140.0,중구,11140133,충무로5가,,0,0,0,,,
123,1114013400,POINT (126.99614638955858 37.564204227396466),126.99614638955858,37.56420422739647,서울특별시 중구 인현동2가,2,11,서울특별시,11140.0,중구,11140134,인현동2가,,0,0,0,,,
124,1114013500,POINT (126.99820834602252 37.56425405455549),126.99820834602252,37.56425405455549,서울특별시 중구 예관동,2,11,서울특별시,11140.0,중구,11140135,예관동,,0,0,0,,,
125,1114013600,POINT (127.00056275311573 37.5613464731871),127.00056275311572,37.5613464731871,서울특별시 중구 묵정동,2,11,서울특별시,11140.0,중구,11140136,묵정동,,0,0,0,,,
126,1114013700,POINT (126.99246659177751 37.56108823144696),126.99246659177751,37.56108823144696,서울특별시 중구 필동1가,2,11,서울특별시,11140.0,중구,11140137,필동1가,,0,0,0,,,
127,1114013800,POINT (126.9947217345554 37.55877226962126),126.9947217345554,37.55877226962126,서울특별시 중구 필동2가,2,11,서울특별시,11140.0,중구,11140138,필동2가,,0,0,0,,,
128,1114013900,POINT (126.99702176604552 37.55851623655044),126.99702176604552,37.55851623655044,서울특별시 중구 필동3가,2,11,서울특별시,11140.0,중구,11140139,필동3가,,0,0,0,,,
129,1114014000,POINT (126.99082904582552 37.560575183379164),126.99082904582552,37.56057518337917,서울특별시 중구 남학동,2,11,서울특별시,11140.0,중구,11140140,남학동,,0,0,0,,,
130,1114014100,POINT (126.98940305088111 37.56065988575628),126.98940305088112,37.56065988575628,서울특별시 중구 주자동,2,11,서울특별시,11140.0,중구,11140141,주자동,,0,0,0,,,
131,1114014200,POINT (126.9901170625273 37.555221644384424),126.9901170625273,37.55522164438442,서울특별시 중구 예장동,2,11,서울특별시,11140.0,중구,11140142,예장동,,0,0,0,,,
132,1114014300,POINT (127.00758681225786 37.560980126965134),127.00758681225786,37.560980126965134,서울특별시 중구 장충동1가,2,11,서울특별시,11140.0,중구,11140143,장충동1가,,0,0,0,,,
133,1114014400,POINT (127.00058989169148 37.554994794730405),127.00058989169148,37.554994794730405,서울특별시 중구 장충동2가,2,11,서울특별시,11140.0,중구,11140144,장충동2가,,0,0,0,,,
134,1114014500,POINT (127.0053242703201 37.56502343499378),127.0053242703201,37.56502343499378,서울특별시 중구 광희동1가,2,11,서울특별시,11140.0,중구,11140145,광희동1가,,0,0,0,,,
135,1114014600,POINT (127.00842825446492 37.56394529900414),127.00842825446492,37.56394529900414,서울특별시 중구 광희동2가,2,11,서울특별시,11140.0,중구,11140146,광희동2가,,0,0,0,,,
136,1114014700,POINT (127.004242596513 37.563529241584455),127.004242596513,37.563529241584455,서울특별시 중구 쌍림동,2,11,서울특별시,11140.0,중구,11140147,쌍림동,,0,0,0,,,
137,1114014800,POINT (127.00688418736877 37.5677831215302),127.00688418736875,37.5677831215302,서울특별시 중구 을지로6가,2,11,서울특별시,11140.0,중구,11140148,을지로6가,,0,0,0,,,
138,1114014900,POINT (127.00962405171285 37.566288252807226),127.00962405171283,37.566288252807226,서울특별시 중구 을지로7가,2,11,서울특별시,11140.0,중구,11140149,을지로7가,,0,0,0,,,
139,1114015000,POINT (126.9977535581879 37.56644225770175),126.9977535581879,37.56644225770175,서울특별시 중구 을지로4가,2,11,서울특별시,11140.0,중구,11140150,을지로4가,,0,0,0,,,
140,1114015100,POINT (127.00235464976784 37.5667253556209),127.00235464976784,37.5667253556209,서울특별시 중구 을지로5가,2,11,서울특별시,11140.0,중구,11140151,을지로5가,,0,0,0,,,
141,1114015200,POINT (126.99937632376809 37.56826954658496),126.99937632376808,37.56826954658496,서울특별시 중구 주교동,2,11,서울특별시,11140.0,중구,11140152,주교동,,0,0,0,,,
142,1114015300,POINT (127.00298025356025 37.568727035724464),127.00298025356024,37.568727035724464,서울특별시 중구 방산동,2,11,서울특별시,11140.0,중구,11140153,방산동,,0,0,0,,,
143,1114015400,POINT (127.00088563755392 37.564735078292706),127.00088563755392,37.56473507829271,서울특별시 중구 오장동,2,11,서울특별시,11140.0,중구,11140154,오장동,,0,0,0,,,
144,1114015500,POINT (126.99220819650199 37.566326242345276),126.992208196502,37.56632624234528,서울특별시 중구 을지로3가,2,11,서울특별시,11140.0,중구,11140155,을지로3가,,0,0,0,,,
145,1114015600,POINT (126.99292045425275 37.56781784022348),126.99292045425275,37.56781784022348,서울특별시 중구 입정동,2,11,서울특별시,11140.0,중구,11140156,입정동,,0,0,0,,,
146,1114015700,POINT (126.99593899056656 37.56767655498032),126.99593899056656,37.56767655498032,서울특별시 중구 산림동,2,11,서울특별시,11140.0,중구,11140157,산림동,,0,0,0,,,
147,1114015800,POINT (126.99174564221316 37.562386828967774),126.99174564221316,37.562386828967774,서울특별시 중구 충무로3가,2,11,서울특별시,11140.0,중구,11140158,충무로3가,,0,0,0,,,
148,1114015900,POINT (126.99222437755952 37.56442600192637),126.99222437755952,37.56442600192637,서울특별시 중구 초동,2,11,서울특별시,11140.0,중구,11140159,초동,,0,0,0,,,
149,1114016000,POINT (126.9943101422223 37.56458804305928),126.9943101422223,37.56458804305928,서울특별시 중구 인현동1가,2,11,서울특별시,11140.0,중구,11140160,인현동1가,,0,0,0,,,
150,1114016100,POINT (126.98979326804647 37.56423968651399),126.98979326804648,37.56423968651399,서울특별시 중구 저동2가,2,11,서울특별시,11140.0,중구,11140161,저동2가,,0,0,0,,,
151,1114016200,POINT (127.01366961097342 37.55791053163123),127.01366961097342,37.55791053163123,서울특별시 중구 신당동,2,11,서울특별시,11140.0,중구,11140162,신당동,,0,0,0,,,
152,1114016300,POINT (127.01638059369752 37.567310991785895),127.01638059369752,37.567310991785895,서울특별시 중구 흥인동,2,11,서울특별시,11140.0,중구,11140163,흥인동,,0,0,0,,,
153,1114016400,POINT (127.01528728186902 37.56437424746378),127.01528728186902,37.56437424746378,서울특별시 중구 무학동,2,11,서울특별시,11140.0,중구,11140164,무학동,,0,0,0,,,
154,1114016500,POINT (127.02083852573874 37.56854521188203),127.02083852573874,37.56854521188203,서울특별시 중구 황학동,2,11,서울특별시,11140.0,중구,11140165,황학동,,0,0,0,,,
155,1114016600,POINT (126.97391935295235 37.563141897625194),126.97391935295236,37.5631418976252,서울특별시 중구 서소문동,2,11,서울특별시,11140.0,중구,11140166,서소문동,,0,0,0,,,
156,1114016700,POINT (126.97314612255421 37.56661111187396),126.9731461225542,37.56661111187396,서울특별시 중구 정동,2,11,서울특별시,11140.0,중구,11140167,정동,,0,0,0,,,
157,1114016800,POINT (126.9707134148953 37.56257323538433),126.9707134148953,37.56257323538433,서울특별시 중구 순화동,2,11,서울특별시,11140.0,중구,11140168,순화동,,0,0,0,,,
158,1114016900,POINT (126.96847609718027 37.56411650642326),126.96847609718029,37.56411650642326,서울특별시 중구 의주로1가,2,11,서울특별시,11140.0,중구,11140169,의주로1가,,0,0,0,,,
159,1114017000,POINT (126.96827865689522 37.56652616304109),126.96827865689522,37.56652616304109,서울특별시 중구 충정로1가,2,11,서울특별시,11140.0,중구,11140170,충정로1가,,0,0,0,,,
160,1114017100,POINT (126.96633643082674 37.558836213000575),126.96633643082674,37.558836213000575,서울특별시 중구 중림동,2,11,서울특별시,11140.0,중구,11140171,중림동,,0,0,0,,,
161,1114017200,POINT (126.96962160938261 37.56073659256792),126.9696216093826,37.56073659256792,서울특별시 중구 의주로2가,2,11,서울특별시,11140.0,중구,11140172,의주로2가,,0,0,0,,,
162,1114017300,POINT (126.96731339486176 37.556165631539976),126.96731339486176,37.556165631539976,서울특별시 중구 만리동1가,2,11,서울특별시,11140.0,중구,11140173,만리동1가,,0,0,0,,,
163,1114017400,POINT (126.96396396704506 37.55462681117043),126.96396396704506,37.55462681117043,서울특별시 중구 만리동2가,2,11,서울특별시,11140.0,중구,11140174,만리동2가,,0,0,0,,,
164,1117000000,POINT (126.9799069882358 37.531384965881514),126.9799069882358,37.53138496588152,서울특별시 용산구,1,11,서울특별시,11170.0,용산구,11170000,,,0,36,0,,"['서울특별시 용산구 후암동' '서울특별시 용산구 용산동2가' '서울특별시 용산구 용산동4가' '서울특별시 용산구 갈월동'
 '서울특별시 용산구 남영동' '서울특별시 용산구 용산동1가' '서울특별시 용산구 동자동' '서울특별시 용산구 서계동'
 '서울특별시 용산구 청파동1가' '서울특별시 용산구 청파동2가' '서울특별시 용산구 청파동3가' '서울특별시 용산구 원효로1가'
 '서울특별시 용산구 원효로2가' '서울특별시 용산구 신창동' '서울특별시 용산구 산천동' '서울특별시 용산구 청암동'
 '서울특별시 용산구 원효로3가' '서울특별시 용산구 원효로4가' '서울특별시 용산구 효창동' '서울특별시 용산구 도원동'
 '서울특별시 용산구 용문동' '서울특별시 용산구 문배동' '서울특별시 용산구 신계동' '서울특별시 용산구 한강로1가'
 '서울특별시 용산구 한강로2가' '서울특별시 용산구 용산동3가' '서울특별시 용산구 용산동5가' '서울특별시 용산구 한강로3가'
 '서울특별시 용산구 이촌동' '서울특별시 용산구 이태원동' '서울특별시 용산구 한남동' '서울특별시 용산구 동빙고동'
 '서울특별시 용산구 서빙고동' '서울특별시 용산구 주성동' '서울특별시 용산구 용산동6가' '서울특별시 용산구 보광동']",
165,1117010100,POINT (126.980622771398 37.54990199731986),126.980622771398,37.54990199731986,서울특별시 용산구 후암동,2,11,서울특별시,11170.0,용산구,11170101,후암동,,0,0,0,,,
166,1117010200,POINT (126.98501900875515 37.54288619825783),126.98501900875516,37.54288619825783,서울특별시 용산구 용산동2가,2,11,서울특별시,11170.0,용산구,11170102,용산동2가,,0,0,0,,,
167,1117010300,POINT (126.98518229587842 37.53053631751385),126.98518229587842,37.53053631751385,서울특별시 용산구 용산동4가,2,11,서울특별시,11170.0,용산구,11170103,용산동4가,,0,0,0,,,
168,1117010400,POINT (126.97236574614851 37.54540641157512),126.97236574614853,37.54540641157512,서울특별시 용산구 갈월동,2,11,서울특별시,11170.0,용산구,11170104,갈월동,,0,0,0,,,
169,1117010500,POINT (126.97336209775145 37.54286180029602),126.97336209775143,37.54286180029602,서울특별시 용산구 남영동,2,11,서울특별시,11170.0,용산구,11170105,남영동,,0,0,0,,,
170,1117010600,POINT (126.97702744969693 37.54001204804139),126.97702744969692,37.54001204804139,서울특별시 용산구 용산동1가,2,11,서울특별시,11170.0,용산구,11170106,용산동1가,,0,0,0,,,
171,1117010700,POINT (126.97243131123344 37.552071769984664),126.97243131123344,37.55207176998466,서울특별시 용산구 동자동,2,11,서울특별시,11170.0,용산구,11170107,동자동,,0,0,0,,,
172,1117010800,POINT (126.9667991722266 37.55216608069694),126.9667991722266,37.55216608069694,서울특별시 용산구 서계동,2,11,서울특별시,11170.0,용산구,11170108,서계동,,0,0,0,,,
173,1117010900,POINT (126.96746849694229 37.548792041386974),126.96746849694227,37.548792041386974,서울특별시 용산구 청파동1가,2,11,서울특별시,11170.0,용산구,11170109,청파동1가,,0,0,0,,,
174,1117011000,POINT (126.96624260922519 37.54600826479549),126.9662426092252,37.54600826479549,서울특별시 용산구 청파동2가,2,11,서울특별시,11170.0,용산구,11170110,청파동2가,,0,0,0,,,
175,1117011100,POINT (126.96711162093075 37.543255901769236),126.96711162093077,37.54325590176924,서울특별시 용산구 청파동3가,2,11,서울특별시,11170.0,용산구,11170111,청파동3가,,0,0,0,,,
176,1117011200,POINT (126.96744687217809 37.53998055515266),126.96744687217809,37.53998055515266,서울특별시 용산구 원효로1가,2,11,서울특별시,11170.0,용산구,11170112,원효로1가,,0,0,0,,,
177,1117011300,POINT (126.96333967525436 37.53629745084032),126.96333967525436,37.53629745084032,서울특별시 용산구 원효로2가,2,11,서울특별시,11170.0,용산구,11170113,원효로2가,,0,0,0,,,
178,1117011400,POINT (126.95497810633758 37.53577367952522),126.95497810633758,37.53577367952522,서울특별시 용산구 신창동,2,11,서울특별시,11170.0,용산구,11170114,신창동,,0,0,0,,,
179,1117011500,POINT (126.95143524922042 37.5354857944641),126.95143524922042,37.5354857944641,서울특별시 용산구 산천동,2,11,서울특별시,11170.0,용산구,11170115,산천동,,0,0,0,,,
180,1117011600,POINT (126.94666807322498 37.53450124423858),126.94666807322498,37.53450124423858,서울특별시 용산구 청암동,2,11,서울특별시,11170.0,용산구,11170116,청암동,,0,0,0,,,
181,1117011700,POINT (126.95765932564396 37.534327056229394),126.95765932564396,37.534327056229394,서울특별시 용산구 원효로3가,2,11,서울특별시,11170.0,용산구,11170117,원효로3가,,0,0,0,,,
182,1117011800,POINT (126.95071627640822 37.53255077429333),126.95071627640822,37.53255077429333,서울특별시 용산구 원효로4가,2,11,서울특별시,11170.0,용산구,11170118,원효로4가,,0,0,0,,,
183,1117011900,POINT (126.96097111390651 37.542824394635765),126.96097111390652,37.542824394635765,서울특별시 용산구 효창동,2,11,서울특별시,11170.0,용산구,11170119,효창동,,0,0,0,,,
184,1117012000,POINT (126.9560421739536 37.53872763678531),126.9560421739536,37.53872763678531,서울특별시 용산구 도원동,2,11,서울특별시,11170.0,용산구,11170120,도원동,,0,0,0,,,
185,1117012100,POINT (126.95969085130466 37.53765917878438),126.95969085130466,37.53765917878438,서울특별시 용산구 용문동,2,11,서울특별시,11170.0,용산구,11170121,용문동,,0,0,0,,,
186,1117012200,POINT (126.96941983640879 37.53710868655467),126.9694198364088,37.53710868655467,서울특별시 용산구 문배동,2,11,서울특별시,11170.0,용산구,11170122,문배동,,0,0,0,,,
187,1117012300,POINT (126.9657739336505 37.535180512645795),126.9657739336505,37.5351805126458,서울특별시 용산구 신계동,2,11,서울특별시,11170.0,용산구,11170123,신계동,,0,0,0,,,
188,1117012400,POINT (126.97302173220743 37.536077500492596),126.97302173220744,37.5360775004926,서울특별시 용산구 한강로1가,2,11,서울특별시,11170.0,용산구,11170124,한강로1가,,0,0,0,,,
189,1117012500,POINT (126.96859828583578 37.531541330889866),126.96859828583578,37.531541330889866,서울특별시 용산구 한강로2가,2,11,서울특별시,11170.0,용산구,11170125,한강로2가,,0,0,0,,,
190,1117012600,POINT (126.97693901496265 37.531861501875866),126.97693901496264,37.531861501875866,서울특별시 용산구 용산동3가,2,11,서울특별시,11170.0,용산구,11170126,용산동3가,,0,0,0,,,
191,1117012700,POINT (126.97457512568054 37.52614745798717),126.97457512568054,37.52614745798717,서울특별시 용산구 용산동5가,2,11,서울특별시,11170.0,용산구,11170127,용산동5가,,0,0,0,,,
192,1117012800,POINT (126.96219181979667 37.52766829781342),126.96219181979669,37.52766829781342,서울특별시 용산구 한강로3가,2,11,서울특별시,11170.0,용산구,11170128,한강로3가,,0,0,0,,,
193,1117012900,POINT (126.96653207983837 37.51745298057991),126.96653207983836,37.51745298057991,서울특별시 용산구 이촌동,2,11,서울특별시,11170.0,용산구,11170129,이촌동,,0,0,0,,,
194,1117013000,POINT (126.9925227651108 37.53851001601468),126.9925227651108,37.53851001601468,서울특별시 용산구 이태원동,2,11,서울특별시,11170.0,용산구,11170130,이태원동,,0,0,0,,,
195,1117013100,POINT (127.00517887965911 37.537542548151926),127.00517887965913,37.537542548151926,서울특별시 용산구 한남동,2,11,서울특별시,11170.0,용산구,11170131,한남동,,0,0,0,,,
196,1117013200,POINT (126.99514525873006 37.524461611559005),126.99514525873006,37.524461611559005,서울특별시 용산구 동빙고동,2,11,서울특별시,11170.0,용산구,11170132,동빙고동,,0,0,0,,,
197,1117013300,POINT (126.99131142792916 37.518621664447764),126.99131142792916,37.51862166444776,서울특별시 용산구 서빙고동,2,11,서울특별시,11170.0,용산구,11170133,서빙고동,,0,0,0,,,
198,1117013400,POINT (126.99982191385661 37.521302280063516),126.9998219138566,37.52130228006352,서울특별시 용산구 주성동,2,11,서울특별시,11170.0,용산구,11170134,주성동,,0,0,0,,,
199,1117013500,POINT (126.98482356265691 37.51864049142044),126.98482356265691,37.51864049142044,서울특별시 용산구 용산동6가,2,11,서울특별시,11170.0,용산구,11170135,용산동6가,,0,0,0,,,
200,1117013600,POINT (127.00093636641196 37.526871808980935),127.00093636641196,37.526871808980935,서울특별시 용산구 보광동,2,11,서울특별시,11170.0,용산구,11170136,보광동,,0,0,0,,,
201,1120000000,POINT (127.04105853332118 37.55102968913442),127.04105853332118,37.55102968913442,서울특별시 성동구,1,11,서울특별시,11200.0,성동구,11200000,,,0,17,0,,"['서울특별시 성동구 상왕십리동' '서울특별시 성동구 하왕십리동' '서울특별시 성동구 홍익동' '서울특별시 성동구 도선동'
 '서울특별시 성동구 마장동' '서울특별시 성동구 사근동' '서울특별시 성동구 행당동' '서울특별시 성동구 응봉동'
 '서울특별시 성동구 금호동1가' '서울특별시 성동구 금호동2가' '서울특별시 성동구 금호동3가' '서울특별시 성동구 금호동4가'
 '서울특별시 성동구 옥수동' '서울특별시 성동구 성수동1가' '서울특별시 성동구 성수동2가' '서울특별시 성동구 송정동'
 '서울특별시 성동구 용답동']",
202,1120010100,POINT (127.02481825230034 37.568457038985166),127.02481825230034,37.568457038985166,서울특별시 성동구 상왕십리동,2,11,서울특별시,11200.0,성동구,11200101,상왕십리동,,0,0,0,,,
203,1120010200,POINT (127.02802497106939 37.56398726679418),127.0280249710694,37.56398726679418,서울특별시 성동구 하왕십리동,2,11,서울특별시,11200.0,성동구,11200102,하왕십리동,,0,0,0,,,
204,1120010300,POINT (127.03234853205322 37.56649089343599),127.03234853205322,37.56649089343599,서울특별시 성동구 홍익동,2,11,서울특별시,11200.0,성동구,11200103,홍익동,,0,0,0,,,
205,1120010400,POINT (127.03355005061894 37.56381115501381),127.03355005061894,37.56381115501381,서울특별시 성동구 도선동,2,11,서울특별시,11200.0,성동구,11200104,도선동,,0,0,0,,,
206,1120010500,POINT (127.04074278864152 37.567364209303),127.04074278864152,37.567364209303,서울특별시 성동구 마장동,2,11,서울특별시,11200.0,성동구,11200105,마장동,,0,0,0,,,
207,1120010600,POINT (127.04760047694192 37.55890772349832),127.04760047694192,37.55890772349832,서울특별시 성동구 사근동,2,11,서울특별시,11200.0,성동구,11200106,사근동,,0,0,0,,,
208,1120010700,POINT (127.03598863989598 37.55762723715426),127.03598863989598,37.55762723715426,서울특별시 성동구 행당동,2,11,서울특별시,11200.0,성동구,11200107,행당동,,0,0,0,,,
209,1120010800,POINT (127.03380803625718 37.550887159014245),127.03380803625718,37.550887159014245,서울특별시 성동구 응봉동,2,11,서울특별시,11200.0,성동구,11200108,응봉동,,0,0,0,,,
210,1120010900,POINT (127.0249946141967 37.55356062877322),127.0249946141967,37.55356062877322,서울특별시 성동구 금호동1가,2,11,서울특별시,11200.0,성동구,11200109,금호동1가,,0,0,0,,,
211,1120011000,POINT (127.02041492867168 37.55303985493152),127.02041492867168,37.55303985493152,서울특별시 성동구 금호동2가,2,11,서울특별시,11200.0,성동구,11200110,금호동2가,,0,0,0,,,
212,1120011100,POINT (127.01955708315214 37.549892457775286),127.01955708315214,37.549892457775286,서울특별시 성동구 금호동3가,2,11,서울특별시,11200.0,성동구,11200111,금호동3가,,0,0,0,,,
213,1120011200,POINT (127.024301485942 37.545465930717256),127.024301485942,37.545465930717256,서울특별시 성동구 금호동4가,2,11,서울특별시,11200.0,성동구,11200112,금호동4가,,0,0,0,,,
214,1120011300,POINT (127.02058997393202 37.540887663500186),127.02058997393202,37.540887663500186,서울특별시 성동구 옥수동,2,11,서울특별시,11200.0,성동구,11200113,옥수동,,0,0,0,,,
215,1120011400,POINT (127.04282053255558 37.54361013482139),127.04282053255558,37.54361013482139,서울특별시 성동구 성수동1가,2,11,서울특별시,11200.0,성동구,11200114,성수동1가,,0,0,0,,,
216,1120011500,POINT (127.0566360208888 37.5406864075005),127.0566360208888,37.5406864075005,서울특별시 성동구 성수동2가,2,11,서울특별시,11200.0,성동구,11200115,성수동2가,,0,0,0,,,
217,1120011800,POINT (127.0620787208393 37.553179752690966),127.0620787208393,37.553179752690966,서울특별시 성동구 송정동,2,11,서울특별시,11200.0,성동구,11200118,송정동,,0,0,0,,,
218,1120012200,POINT (127.0563597635983 37.56146709144105),127.0563597635983,37.56146709144105,서울특별시 성동구 용답동,2,11,서울특별시,11200.0,성동구,11200122,용답동,,0,0,0,,,
219,1121500000,POINT (127.08574409768117 37.546720237931474),127.08574409768116,37.546720237931474,서울특별시 광진구,1,11,서울특별시,11215.0,광진구,11215000,,,0,7,0,,"['서울특별시 광진구 중곡동' '서울특별시 광진구 능동' '서울특별시 광진구 구의동' '서울특별시 광진구 광장동'
 '서울특별시 광진구 자양동' '서울특별시 광진구 화양동' '서울특별시 광진구 군자동']",
220,1121510100,POINT (127.08878691844791 37.56353618720835),127.08878691844792,37.56353618720835,서울특별시 광진구 중곡동,2,11,서울특별시,11215.0,광진구,11215101,중곡동,,0,0,0,,,
221,1121510200,POINT (127.0817381550733 37.55057936342495),127.0817381550733,37.55057936342495,서울특별시 광진구 능동,2,11,서울특별시,11215.0,광진구,11215102,능동,,0,0,0,,,
222,1121510300,POINT (127.09284919894276 37.54440944937811),127.09284919894276,37.54440944937811,서울특별시 광진구 구의동,2,11,서울특별시,11215.0,광진구,11215103,구의동,,0,0,0,,,
223,1121510400,POINT (127.1047097030555 37.547832780011206),127.1047097030555,37.547832780011206,서울특별시 광진구 광장동,2,11,서울특별시,11215.0,광진구,11215104,광장동,,0,0,0,,,
224,1121510500,POINT (127.07452453170117 37.53169649781548),127.07452453170116,37.53169649781548,서울특별시 광진구 자양동,2,11,서울특별시,11215.0,광진구,11215105,자양동,,0,0,0,,,
225,1121510700,POINT (127.07322269488581 37.543232110801796),127.0732226948858,37.5432321108018,서울특별시 광진구 화양동,2,11,서울특별시,11215.0,광진구,11215107,화양동,,0,0,0,,,
226,1121510900,POINT (127.07367190751613 37.55303731783956),127.07367190751611,37.55303731783956,서울특별시 광진구 군자동,2,11,서울특별시,11215.0,광진구,11215109,군자동,,0,0,0,,,
227,1123000000,POINT (127.05484812780756 37.581956547893036),127.05484812780756,37.58195654789304,서울특별시 동대문구,1,11,서울특별시,11230.0,동대문구,11230000,,,0,10,0,,"['서울특별시 동대문구 신설동' '서울특별시 동대문구 용두동' '서울특별시 동대문구 제기동' '서울특별시 동대문구 전농동'
 '서울특별시 동대문구 답십리동' '서울특별시 동대문구 장안동' '서울특별시 동대문구 청량리동' '서울특별시 동대문구 회기동'
 '서울특별시 동대문구 휘경동' '서울특별시 동대문구 이문동']",
228,1123010100,POINT (127.02556085245747 37.5749436956359),127.02556085245747,37.5749436956359,서울특별시 동대문구 신설동,2,11,서울특별시,11230.0,동대문구,11230101,신설동,,0,0,0,,,
229,1123010200,POINT (127.03429171485794 37.57572086231629),127.03429171485794,37.57572086231629,서울특별시 동대문구 용두동,2,11,서울특별시,11230.0,동대문구,11230102,용두동,,0,0,0,,,
230,1123010300,POINT (127.03724055033032 37.583775030771534),127.03724055033032,37.583775030771534,서울특별시 동대문구 제기동,2,11,서울특별시,11230.0,동대문구,11230103,제기동,,0,0,0,,,
231,1123010400,POINT (127.05570536405565 37.57974743326816),127.05570536405564,37.57974743326816,서울특별시 동대문구 전농동,2,11,서울특별시,11230.0,동대문구,11230104,전농동,,0,0,0,,,
232,1123010500,POINT (127.05669876347422 37.57101949114032),127.05669876347422,37.57101949114032,서울특별시 동대문구 답십리동,2,11,서울특별시,11230.0,동대문구,11230105,답십리동,,0,0,0,,,
233,1123010600,POINT (127.07002444607362 37.57020694782509),127.07002444607362,37.57020694782509,서울특별시 동대문구 장안동,2,11,서울특별시,11230.0,동대문구,11230106,장안동,,0,0,0,,,
234,1123010700,POINT (127.04528876855301 37.5887959287965),127.045288768553,37.5887959287965,서울특별시 동대문구 청량리동,2,11,서울특별시,11230.0,동대문구,11230107,청량리동,,0,0,0,,,
235,1123010800,POINT (127.05145341917289 37.59373569617633),127.05145341917289,37.59373569617633,서울특별시 동대문구 회기동,2,11,서울특별시,11230.0,동대문구,11230108,회기동,,0,0,0,,,
236,1123010900,POINT (127.06452154066405 37.58821353212453),127.06452154066405,37.58821353212453,서울특별시 동대문구 휘경동,2,11,서울특별시,11230.0,동대문구,11230109,휘경동,,0,0,0,,,
237,1123011000,POINT (127.06324998338759 37.59946110520826),127.0632499833876,37.59946110520826,서울특별시 동대문구 이문동,2,11,서울특별시,11230.0,동대문구,11230110,이문동,,0,0,0,,,
238,1126000000,POINT (127.09288317629846 37.59781737992498),127.09288317629846,37.59781737992498,서울특별시 중랑구,1,11,서울특별시,11260.0,중랑구,11260000,,,0,6,0,,"['서울특별시 중랑구 면목동' '서울특별시 중랑구 상봉동' '서울특별시 중랑구 중화동' '서울특별시 중랑구 묵동'
 '서울특별시 중랑구 망우동' '서울특별시 중랑구 신내동']",
239,1126010100,POINT (127.08921892289165 37.582376099415036),127.08921892289165,37.58237609941504,서울특별시 중랑구 면목동,2,11,서울특별시,11260.0,중랑구,11260101,면목동,,0,0,0,,,
240,1126010200,POINT (127.08712030165583 37.59847694715502),127.08712030165584,37.59847694715502,서울특별시 중랑구 상봉동,2,11,서울특별시,11260.0,중랑구,11260102,상봉동,,0,0,0,,,
241,1126010300,POINT (127.07814676117593 37.6005014515641),127.07814676117592,37.6005014515641,서울특별시 중랑구 중화동,2,11,서울특별시,11260.0,중랑구,11260103,중화동,,0,0,0,,,
242,1126010400,POINT (127.07974156439343 37.612713124313935),127.07974156439344,37.612713124313935,서울특별시 중랑구 묵동,2,11,서울특별시,11260.0,중랑구,11260104,묵동,,0,0,0,,,
243,1126010500,POINT (127.10632857277436 37.599587276102184),127.10632857277436,37.59958727610218,서울특별시 중랑구 망우동,2,11,서울특별시,11260.0,중랑구,11260105,망우동,,0,0,0,,,
244,1126010600,POINT (127.10080876635266 37.61260284187596),127.10080876635266,37.61260284187596,서울특별시 중랑구 신내동,2,11,서울특별시,11260.0,중랑구,11260106,신내동,,0,0,0,,,
245,1129000000,POINT (127.01757949116805 37.605701902396824),127.01757949116804,37.60570190239682,서울특별시 성북구,1,11,서울특별시,11290.0,성북구,11290000,,,0,39,0,,"['서울특별시 성북구 성북동' '서울특별시 성북구 성북동1가' '서울특별시 성북구 돈암동' '서울특별시 성북구 동소문동1가'
 '서울특별시 성북구 동소문동2가' '서울특별시 성북구 동소문동3가' '서울특별시 성북구 동소문동4가'
 '서울특별시 성북구 동소문동5가' '서울특별시 성북구 동소문동6가' '서울특별시 성북구 동소문동7가'
 '서울특별시 성북구 삼선동1가' '서울특별시 성북구 삼선동2가' '서울특별시 성북구 삼선동3가' '서울특별시 성북구 삼선동4가'
 '서울특별시 성북구 삼선동5가' '서울특별시 성북구 동선동1가' '서울특별시 성북구 동선동2가' '서울특별시 성북구 동선동3가'
 '서울특별시 성북구 동선동4가' '서울특별시 성북구 동선동5가' '서울특별시 성북구 안암동1가' '서울특별시 성북구 안암동2가'
 '서울특별시 성북구 안암동3가' '서울특별시 성북구 안암동4가' '서울특별시 성북구 안암동5가' '서울특별시 성북구 보문동4가'
 '서울특별시 성북구 보문동5가' '서울특별시 성북구 보문동6가' '서울특별시 성북구 보문동7가' '서울특별시 성북구 보문동1가'
 '서울특별시 성북구 보문동2가' '서울특별시 성북구 보문동3가' '서울특별시 성북구 정릉동' '서울특별시 성북구 길음동'
 '서울특별시 성북구 종암동' '서울특별시 성북구 하월곡동' '서울특별시 성북구 상월곡동' '서울특별시 성북구 장위동'
 '서울특별시 성북구 석관동']",
246,1129010100,POINT (126.99291261828093 37.597245010994975),126.99291261828093,37.597245010994975,서울특별시 성북구 성북동,2,11,서울특별시,11290.0,성북구,11290101,성북동,,0,0,0,,,
247,1129010200,POINT (127.00370311178123 37.58952568653537),127.00370311178123,37.58952568653537,서울특별시 성북구 성북동1가,2,11,서울특별시,11290.0,성북구,11290102,성북동1가,,0,0,0,,,
248,1129010300,POINT (127.0182784560044 37.59779444774695),127.0182784560044,37.59779444774695,서울특별시 성북구 돈암동,2,11,서울특별시,11290.0,성북구,11290103,돈암동,,0,0,0,,,
249,1129010400,POINT (127.00726437124563 37.590039325998234),127.00726437124564,37.59003932599824,서울특별시 성북구 동소문동1가,2,11,서울특별시,11290.0,성북구,11290104,동소문동1가,,0,0,0,,,
250,1129010500,POINT (127.00826467260065 37.58872066003147),127.00826467260065,37.58872066003147,서울특별시 성북구 동소문동2가,2,11,서울특별시,11290.0,성북구,11290105,동소문동2가,,0,0,0,,,
251,1129010600,POINT (127.01125343777231 37.59038714897721),127.01125343777233,37.59038714897721,서울특별시 성북구 동소문동3가,2,11,서울특별시,11290.0,성북구,11290106,동소문동3가,,0,0,0,,,
252,1129010700,POINT (127.01065603977527 37.591757080714636),127.01065603977528,37.59175708071464,서울특별시 성북구 동소문동4가,2,11,서울특별시,11290.0,성북구,11290107,동소문동4가,,0,0,0,,,
253,1129010800,POINT (127.01538660608534 37.59163936087722),127.01538660608534,37.59163936087722,서울특별시 성북구 동소문동5가,2,11,서울특별시,11290.0,성북구,11290108,동소문동5가,,0,0,0,,,
254,1129010900,POINT (127.01425561708612 37.59353155201267),127.01425561708612,37.59353155201267,서울특별시 성북구 동소문동6가,2,11,서울특별시,11290.0,성북구,11290109,동소문동6가,,0,0,0,,,
255,1129011000,POINT (127.01419803536375 37.59632605151137),127.01419803536376,37.59632605151137,서울특별시 성북구 동소문동7가,2,11,서울특별시,11290.0,성북구,11290110,동소문동7가,,0,0,0,,,
256,1129011100,POINT (127.0078933542153 37.5849131322796),127.0078933542153,37.5849131322796,서울특별시 성북구 삼선동1가,2,11,서울특별시,11290.0,성북구,11290111,삼선동1가,,0,0,0,,,
257,1129011200,POINT (127.01137580783735 37.58387954805537),127.01137580783735,37.58387954805537,서울특별시 성북구 삼선동2가,2,11,서울특별시,11290.0,성북구,11290112,삼선동2가,,0,0,0,,,
258,1129011300,POINT (127.01306627243675 37.586543216665405),127.01306627243676,37.586543216665405,서울특별시 성북구 삼선동3가,2,11,서울특별시,11290.0,성북구,11290113,삼선동3가,,0,0,0,,,
259,1129011400,POINT (127.01316770762286 37.5900247762906),127.01316770762286,37.5900247762906,서울특별시 성북구 삼선동4가,2,11,서울특별시,11290.0,성북구,11290114,삼선동4가,,0,0,0,,,
260,1129011500,POINT (127.01587788024752 37.588540827788385),127.01587788024752,37.58854082778839,서울특별시 성북구 삼선동5가,2,11,서울특별시,11290.0,성북구,11290115,삼선동5가,,0,0,0,,,
261,1129011600,POINT (127.0182358064756 37.59231396867162),127.0182358064756,37.59231396867162,서울특별시 성북구 동선동1가,2,11,서울특별시,11290.0,성북구,11290116,동선동1가,,0,0,0,,,
262,1129011700,POINT (127.02002168547627 37.590179035535975),127.02002168547628,37.590179035535975,서울특별시 성북구 동선동2가,2,11,서울특별시,11290.0,성북구,11290117,동선동2가,,0,0,0,,,
263,1129011800,POINT (127.02068356837147 37.5939320490987),127.02068356837148,37.5939320490987,서울특별시 성북구 동선동3가,2,11,서울특별시,11290.0,성북구,11290118,동선동3가,,0,0,0,,,
264,1129011900,POINT (127.01862413506754 37.59519640054105),127.01862413506754,37.59519640054105,서울특별시 성북구 동선동4가,2,11,서울특별시,11290.0,성북구,11290119,동선동4가,,0,0,0,,,
265,1129012000,POINT (127.01666926862214 37.596286610248455),127.01666926862214,37.596286610248455,서울특별시 성북구 동선동5가,2,11,서울특별시,11290.0,성북구,11290120,동선동5가,,0,0,0,,,
266,1129012100,POINT (127.02210700764752 37.58870611055133),127.02210700764752,37.58870611055133,서울특별시 성북구 안암동1가,2,11,서울특별시,11290.0,성북구,11290121,안암동1가,,0,0,0,,,
267,1129012200,POINT (127.02318669915104 37.58690018393774),127.02318669915104,37.58690018393774,서울특별시 성북구 안암동2가,2,11,서울특별시,11290.0,성북구,11290122,안암동2가,,0,0,0,,,
268,1129012300,POINT (127.0233367300506 37.58354634953801),127.0233367300506,37.58354634953801,서울특별시 성북구 안암동3가,2,11,서울특별시,11290.0,성북구,11290123,안암동3가,,0,0,0,,,
269,1129012400,POINT (127.02466652458612 37.58068795862423),127.02466652458612,37.58068795862423,서울특별시 성북구 안암동4가,2,11,서울특별시,11290.0,성북구,11290124,안암동4가,,0,0,0,,,
270,1129012500,POINT (127.02838532417744 37.588456822671084),127.02838532417744,37.58845682267109,서울특별시 성북구 안암동5가,2,11,서울특별시,11290.0,성북구,11290125,안암동5가,,0,0,0,,,
271,1129012600,POINT (127.0213675518561 37.58291802529641),127.0213675518561,37.58291802529641,서울특별시 성북구 보문동4가,2,11,서울특별시,11290.0,성북구,11290126,보문동4가,,0,0,0,,,
272,1129012700,POINT (127.02008518496882 37.582398456646075),127.02008518496882,37.58239845664608,서울특별시 성북구 보문동5가,2,11,서울특별시,11290.0,성북구,11290127,보문동5가,,0,0,0,,,
273,1129012800,POINT (127.01886416937695 37.58039122012148),127.01886416937695,37.58039122012148,서울특별시 성북구 보문동6가,2,11,서울특별시,11290.0,성북구,11290128,보문동6가,,0,0,0,,,
274,1129012900,POINT (127.0223785070424 37.579773680700086),127.0223785070424,37.579773680700086,서울특별시 성북구 보문동7가,2,11,서울특별시,11290.0,성북구,11290129,보문동7가,,0,0,0,,,
275,1129013000,POINT (127.01966765470631 37.58649815177395),127.01966765470632,37.58649815177395,서울특별시 성북구 보문동1가,2,11,서울특별시,11290.0,성북구,11290130,보문동1가,,0,0,0,,,
276,1129013100,POINT (127.01823149269511 37.58575726756298),127.01823149269512,37.58575726756298,서울특별시 성북구 보문동2가,2,11,서울특별시,11290.0,성북구,11290131,보문동2가,,0,0,0,,,
277,1129013200,POINT (127.01636366042453 37.58396377942942),127.01636366042452,37.58396377942942,서울특별시 성북구 보문동3가,2,11,서울특별시,11290.0,성북구,11290132,보문동3가,,0,0,0,,,
278,1129013300,POINT (126.99766937098943 37.615586951442225),126.99766937098944,37.61558695144223,서울특별시 성북구 정릉동,2,11,서울특별시,11290.0,성북구,11290133,정릉동,,0,0,0,,,
279,1129013400,POINT (127.0221422467614 37.60859152447063),127.0221422467614,37.60859152447063,서울특별시 성북구 길음동,2,11,서울특별시,11290.0,성북구,11290134,길음동,,0,0,0,,,
280,1129013500,POINT (127.03390334508477 37.59717389335986),127.03390334508477,37.59717389335986,서울특별시 성북구 종암동,2,11,서울특별시,11290.0,성북구,11290135,종암동,,0,0,0,,,
281,1129013600,POINT (127.03935699563534 37.60468156510123),127.03935699563534,37.60468156510123,서울특별시 성북구 하월곡동,2,11,서울특별시,11290.0,성북구,11290136,하월곡동,,0,0,0,,,
282,1129013700,POINT (127.04777420744263 37.6061701407617),127.04777420744264,37.6061701407617,서울특별시 성북구 상월곡동,2,11,서울특별시,11290.0,성북구,11290137,상월곡동,,0,0,0,,,
283,1129013800,POINT (127.04991549658914 37.61521889311376),127.04991549658914,37.61521889311376,서울특별시 성북구 장위동,2,11,서울특별시,11290.0,성북구,11290138,장위동,,0,0,0,,,
284,1129013900,POINT (127.06148091611153 37.6082658183207),127.06148091611152,37.6082658183207,서울특별시 성북구 석관동,2,11,서울특별시,11290.0,성북구,11290139,석관동,,0,0,0,,,
285,1130500000,POINT (127.0111889752399 37.64347391355864),127.0111889752399,37.64347391355864,서울특별시 강북구,1,11,서울특별시,11305.0,강북구,11305000,,,0,4,0,,['서울특별시 강북구 미아동' '서울특별시 강북구 번동' '서울특별시 강북구 수유동' '서울특별시 강북구 우이동'],
286,1130510100,POINT (127.02387987626821 37.62109934674796),127.0238798762682,37.62109934674796,서울특별시 강북구 미아동,2,11,서울특별시,11305.0,강북구,11305101,미아동,,0,0,0,,,
287,1130510200,POINT (127.03675551051244 37.62904413412293),127.03675551051244,37.62904413412293,서울특별시 강북구 번동,2,11,서울특별시,11305.0,강북구,11305102,번동,,0,0,0,,,
288,1130510300,POINT (127.00737178236452 37.63832677944964),127.00737178236452,37.63832677944964,서울특별시 강북구 수유동,2,11,서울특별시,11305.0,강북구,11305103,수유동,,0,0,0,,,
289,1130510400,POINT (127.00051722444942 37.66328646306527),127.00051722444942,37.66328646306527,서울특별시 강북구 우이동,2,11,서울특별시,11305.0,강북구,11305104,우이동,,0,0,0,,,
290,1132000000,POINT (127.03236881955814 37.66910208028845),127.03236881955814,37.66910208028845,서울특별시 도봉구,1,11,서울특별시,11320.0,도봉구,11320000,,,0,4,0,,['서울특별시 도봉구 쌍문동' '서울특별시 도봉구 방학동' '서울특별시 도봉구 창동' '서울특별시 도봉구 도봉동'],
291,1132010500,POINT (127.0270974101564 37.65335781177766),127.0270974101564,37.65335781177766,서울특별시 도봉구 쌍문동,2,11,서울특별시,11320.0,도봉구,11320105,쌍문동,,0,0,0,,,
292,1132010600,POINT (127.03106431008626 37.665283907981184),127.03106431008626,37.665283907981184,서울특별시 도봉구 방학동,2,11,서울특별시,11320.0,도봉구,11320106,방학동,,0,0,0,,,
293,1132010700,POINT (127.04406470622502 37.647745491815094),127.04406470622502,37.64774549181509,서울특별시 도봉구 창동,2,11,서울특별시,11320.0,도봉구,11320107,창동,,0,0,0,,,
294,1132010800,POINT (127.02923517733603 37.684848971479674),127.02923517733603,37.68484897147968,서울특별시 도봉구 도봉동,2,11,서울특별시,11320.0,도봉구,11320108,도봉동,,0,0,0,,,
295,1135000000,POINT (127.07503468933729 37.65251104799007),127.07503468933729,37.65251104799007,서울특별시 노원구,1,11,서울특별시,11350.0,노원구,11350000,,,0,5,0,,"['서울특별시 노원구 월계동' '서울특별시 노원구 공릉동' '서울특별시 노원구 하계동' '서울특별시 노원구 상계동'
 '서울특별시 노원구 중계동']",
296,1135010200,POINT (127.05674102546848 37.62824386541814),127.05674102546848,37.62824386541814,서울특별시 노원구 월계동,2,11,서울특별시,11350.0,노원구,11350102,월계동,,0,0,0,,,
297,1135010300,POINT (127.09101086682489 37.630496379881066),127.09101086682487,37.630496379881066,서울특별시 노원구 공릉동,2,11,서울특별시,11350.0,노원구,11350103,공릉동,,0,0,0,,,
298,1135010400,POINT (127.07250995943339 37.63764458714343),127.0725099594334,37.63764458714343,서울특별시 노원구 하계동,2,11,서울특별시,11350.0,노원구,11350104,하계동,,0,0,0,,,
299,1135010500,POINT (127.07033673387207 37.67299194181273),127.07033673387208,37.67299194181273,서울특별시 노원구 상계동,2,11,서울특별시,11350.0,노원구,11350105,상계동,,0,0,0,,,
300,1135010600,POINT (127.07999779125096 37.65101288661096),127.07999779125096,37.65101288661096,서울특별시 노원구 중계동,2,11,서울특별시,11350.0,노원구,11350106,중계동,,0,0,0,,,
301,1138000000,POINT (126.92702287719973 37.61921128257489),126.92702287719972,37.61921128257489,서울특별시 은평구,1,11,서울특별시,11380.0,은평구,11380000,,,0,11,0,,"['서울특별시 은평구 수색동' '서울특별시 은평구 녹번동' '서울특별시 은평구 불광동' '서울특별시 은평구 갈현동'
 '서울특별시 은평구 구산동' '서울특별시 은평구 대조동' '서울특별시 은평구 응암동' '서울특별시 은평구 역촌동'
 '서울특별시 은평구 신사동' '서울특별시 은평구 증산동' '서울특별시 은평구 진관동']",
302,1138010100,POINT (126.8945465125158 37.585573481118566),126.8945465125158,37.585573481118566,서울특별시 은평구 수색동,2,11,서울특별시,11380.0,은평구,11380101,수색동,,0,0,0,,,
303,1138010200,POINT (126.93458290540775 37.605309755631055),126.93458290540777,37.605309755631055,서울특별시 은평구 녹번동,2,11,서울특별시,11380.0,은평구,11380102,녹번동,,0,0,0,,,
304,1138010300,POINT (126.93557752686439 37.619155862149974),126.9355775268644,37.61915586214997,서울특별시 은평구 불광동,2,11,서울특별시,11380.0,은평구,11380103,불광동,,0,0,0,,,
305,1138010400,POINT (126.91357868388485 37.62154267658806),126.91357868388484,37.62154267658806,서울특별시 은평구 갈현동,2,11,서울특별시,11380.0,은평구,11380104,갈현동,,0,0,0,,,
306,1138010500,POINT (126.90731080703928 37.611072602353374),126.90731080703928,37.611072602353374,서울특별시 은평구 구산동,2,11,서울특별시,11380.0,은평구,11380105,구산동,,0,0,0,,,
307,1138010600,POINT (126.92315293702484 37.61225609331376),126.92315293702484,37.61225609331376,서울특별시 은평구 대조동,2,11,서울특별시,11380.0,은평구,11380106,대조동,,0,0,0,,,
308,1138010700,POINT (126.9231250595101 37.59383528652553),126.9231250595101,37.59383528652553,서울특별시 은평구 응암동,2,11,서울특별시,11380.0,은평구,11380107,응암동,,0,0,0,,,
309,1138010800,POINT (126.91462526557598 37.6045776295367),126.91462526557598,37.6045776295367,서울특별시 은평구 역촌동,2,11,서울특별시,11380.0,은평구,11380108,역촌동,,0,0,0,,,
310,1138010900,POINT (126.90720336896341 37.59561341565446),126.9072033689634,37.59561341565446,서울특별시 은평구 신사동,2,11,서울특별시,11380.0,은평구,11380109,신사동,,0,0,0,,,
311,1138011000,POINT (126.90596446730832 37.584168127045594),126.90596446730832,37.5841681270456,서울특별시 은평구 증산동,2,11,서울특별시,11380.0,은평구,11380110,증산동,,0,0,0,,,
312,1138011400,POINT (126.93782346490225 37.63967722434144),126.93782346490224,37.63967722434144,서울특별시 은평구 진관동,2,11,서울특별시,11380.0,은평구,11380114,진관동,,0,0,0,,,
313,1141000000,POINT (126.93906309571523 37.577785309169954),126.93906309571524,37.577785309169954,서울특별시 서대문구,1,11,서울특별시,11410.0,서대문구,11410000,,,0,20,0,,"['서울특별시 서대문구 충정로2가' '서울특별시 서대문구 충정로3가' '서울특별시 서대문구 합동' '서울특별시 서대문구 미근동'
 '서울특별시 서대문구 냉천동' '서울특별시 서대문구 천연동' '서울특별시 서대문구 옥천동' '서울특별시 서대문구 영천동'
 '서울특별시 서대문구 현저동' '서울특별시 서대문구 북아현동' '서울특별시 서대문구 홍제동' '서울특별시 서대문구 대현동'
 '서울특별시 서대문구 대신동' '서울특별시 서대문구 신촌동' '서울특별시 서대문구 봉원동' '서울특별시 서대문구 창천동'
 '서울특별시 서대문구 연희동' '서울특별시 서대문구 홍은동' '서울특별시 서대문구 북가좌동' '서울특별시 서대문구 남가좌동']",
314,1141010100,POINT (126.96417623409315 37.564853948305114),126.96417623409316,37.56485394830512,서울특별시 서대문구 충정로2가,2,11,서울특별시,11410.0,서대문구,11410101,충정로2가,,0,0,0,,,
315,1141010200,POINT (126.96196372689747 37.562117013495346),126.96196372689748,37.56211701349535,서울특별시 서대문구 충정로3가,2,11,서울특별시,11410.0,서대문구,11410102,충정로3가,,0,0,0,,,
316,1141010300,POINT (126.96607038969532 37.561570434238035),126.96607038969532,37.56157043423804,서울특별시 서대문구 합동,2,11,서울특별시,11410.0,서대문구,11410103,합동,,0,0,0,,,
317,1141010400,POINT (126.96728785458988 37.563330973824016),126.96728785458988,37.563330973824016,서울특별시 서대문구 미근동,2,11,서울특별시,11410.0,서대문구,11410104,미근동,,0,0,0,,,
318,1141010500,POINT (126.96241873238229 37.56681402729026),126.96241873238228,37.56681402729026,서울특별시 서대문구 냉천동,2,11,서울특별시,11410.0,서대문구,11410105,냉천동,,0,0,0,,,
319,1141010600,POINT (126.9594360612699 37.56790609966186),126.9594360612699,37.56790609966186,서울특별시 서대문구 천연동,2,11,서울특별시,11410.0,서대문구,11410106,천연동,,0,0,0,,,
320,1141010700,POINT (126.95912788407594 37.56935098044264),126.95912788407594,37.56935098044264,서울특별시 서대문구 옥천동,2,11,서울특별시,11410.0,서대문구,11410107,옥천동,,0,0,0,,,
321,1141010800,POINT (126.95770815155441 37.570299217695194),126.9577081515544,37.5702992176952,서울특별시 서대문구 영천동,2,11,서울특별시,11410.0,서대문구,11410108,영천동,,0,0,0,,,
322,1141010900,POINT (126.95404620273113 37.57377155294639),126.95404620273112,37.57377155294639,서울특별시 서대문구 현저동,2,11,서울특별시,11410.0,서대문구,11410109,현저동,,0,0,0,,,
323,1141011000,POINT (126.95438644117793 37.5624196966443),126.95438644117792,37.5624196966443,서울특별시 서대문구 북아현동,2,11,서울특별시,11410.0,서대문구,11410110,북아현동,,0,0,0,,,
324,1141011100,POINT (126.94895107306588 37.58707668244387),126.94895107306588,37.58707668244387,서울특별시 서대문구 홍제동,2,11,서울특별시,11410.0,서대문구,11410111,홍제동,,0,0,0,,,
325,1141011200,POINT (126.94631349624265 37.560412626930166),126.94631349624264,37.560412626930166,서울특별시 서대문구 대현동,2,11,서울특별시,11410.0,서대문구,11410112,대현동,,0,0,0,,,
326,1141011300,POINT (126.94430948103829 37.56422006958602),126.94430948103827,37.56422006958602,서울특별시 서대문구 대신동,2,11,서울특별시,11410.0,서대문구,11410113,대신동,,0,0,0,,,
327,1141011400,POINT (126.94139603706327 37.565544529482956),126.94139603706329,37.56554452948296,서울특별시 서대문구 신촌동,2,11,서울특별시,11410.0,서대문구,11410114,신촌동,,0,0,0,,,
328,1141011500,POINT (126.94692559995968 37.572631085184156),126.94692559995968,37.57263108518416,서울특별시 서대문구 봉원동,2,11,서울특별시,11410.0,서대문구,11410115,봉원동,,0,0,0,,,
329,1141011600,POINT (126.9342113696831 37.55869869335811),126.9342113696831,37.55869869335811,서울특별시 서대문구 창천동,2,11,서울특별시,11410.0,서대문구,11410116,창천동,,0,0,0,,,
330,1141011700,POINT (126.93282762424415 37.57198173019036),126.93282762424415,37.57198173019036,서울특별시 서대문구 연희동,2,11,서울특별시,11410.0,서대문구,11410117,연희동,,0,0,0,,,
331,1141011800,POINT (126.9385709042098 37.59302549117553),126.9385709042098,37.59302549117553,서울특별시 서대문구 홍은동,2,11,서울특별시,11410.0,서대문구,11410118,홍은동,,0,0,0,,,
332,1141011900,POINT (126.91118899754073 37.57880151045278),126.91118899754072,37.57880151045278,서울특별시 서대문구 북가좌동,2,11,서울특별시,11410.0,서대문구,11410119,북가좌동,,0,0,0,,,
333,1141012000,POINT (126.91944122847062 37.57562164983495),126.91944122847062,37.57562164983495,서울특별시 서대문구 남가좌동,2,11,서울특별시,11410.0,서대문구,11410120,남가좌동,,0,0,0,,,
334,1144000000,POINT (126.90827002744956 37.55931349255405),126.90827002744956,37.55931349255405,서울특별시 마포구,1,11,서울특별시,11440.0,마포구,11440000,,,0,26,0,,"['서울특별시 마포구 아현동' '서울특별시 마포구 공덕동' '서울특별시 마포구 신공덕동' '서울특별시 마포구 도화동'
 '서울특별시 마포구 용강동' '서울특별시 마포구 토정동' '서울특별시 마포구 마포동' '서울특별시 마포구 대흥동'
 '서울특별시 마포구 염리동' '서울특별시 마포구 노고산동' '서울특별시 마포구 신수동' '서울특별시 마포구 현석동'
 '서울특별시 마포구 구수동' '서울특별시 마포구 창전동' '서울특별시 마포구 상수동' '서울특별시 마포구 하중동'
 '서울특별시 마포구 신정동' '서울특별시 마포구 당인동' '서울특별시 마포구 서교동' '서울특별시 마포구 동교동'
 '서울특별시 마포구 합정동' '서울특별시 마포구 망원동' '서울특별시 마포구 연남동' '서울특별시 마포구 성산동'
 '서울특별시 마포구 중동' '서울특별시 마포구 상암동']",
335,1144010100,POINT (126.95631975429207 37.554468382783945),126.95631975429208,37.554468382783945,서울특별시 마포구 아현동,2,11,서울특별시,11440.0,마포구,11440101,아현동,,0,0,0,,,
336,1144010200,POINT (126.95494771882707 37.548070476424705),126.95494771882709,37.54807047642471,서울특별시 마포구 공덕동,2,11,서울특별시,11440.0,마포구,11440102,공덕동,,0,0,0,,,
337,1144010300,POINT (126.95594297545462 37.544130924817956),126.95594297545462,37.54413092481796,서울특별시 마포구 신공덕동,2,11,서울특별시,11440.0,마포구,11440103,신공덕동,,0,0,0,,,
338,1144010400,POINT (126.95004819946654 37.53975917629893),126.95004819946654,37.53975917629893,서울특별시 마포구 도화동,2,11,서울특별시,11440.0,마포구,11440104,도화동,,0,0,0,,,
339,1144010500,POINT (126.94045248143573 37.5414984909524),126.94045248143571,37.5414984909524,서울특별시 마포구 용강동,2,11,서울특별시,11440.0,마포구,11440105,용강동,,0,0,0,,,
340,1144010600,POINT (126.93980136657306 37.538912376489684),126.93980136657306,37.53891237648968,서울특별시 마포구 토정동,2,11,서울특별시,11440.0,마포구,11440106,토정동,,0,0,0,,,
341,1144010700,POINT (126.94384420166696 37.53713452996969),126.94384420166696,37.53713452996969,서울특별시 마포구 마포동,2,11,서울특별시,11440.0,마포구,11440107,마포동,,0,0,0,,,
342,1144010800,POINT (126.94319685161834 37.5498040641047),126.94319685161834,37.5498040641047,서울특별시 마포구 대흥동,2,11,서울특별시,11440.0,마포구,11440108,대흥동,,0,0,0,,,
343,1144010900,POINT (126.94732838463976 37.54913172008571),126.94732838463976,37.54913172008571,서울특별시 마포구 염리동,2,11,서울특별시,11440.0,마포구,11440109,염리동,,0,0,0,,,
344,1144011000,POINT (126.93778538675218 37.55438895228857),126.93778538675218,37.55438895228857,서울특별시 마포구 노고산동,2,11,서울특별시,11440.0,마포구,11440110,노고산동,,0,0,0,,,
345,1144011100,POINT (126.93682967808036 37.54857717559063),126.93682967808036,37.54857717559063,서울특별시 마포구 신수동,2,11,서울특별시,11440.0,마포구,11440111,신수동,,0,0,0,,,
346,1144011200,POINT (126.93437470968541 37.54222205707352),126.9343747096854,37.54222205707352,서울특별시 마포구 현석동,2,11,서울특별시,11440.0,마포구,11440112,현석동,,0,0,0,,,
347,1144011300,POINT (126.93256322437648 37.54576155609859),126.93256322437648,37.54576155609859,서울특별시 마포구 구수동,2,11,서울특별시,11440.0,마포구,11440113,구수동,,0,0,0,,,
348,1144011400,POINT (126.9300885513184 37.550265062353155),126.9300885513184,37.55026506235316,서울특별시 마포구 창전동,2,11,서울특별시,11440.0,마포구,11440114,창전동,,0,0,0,,,
349,1144011500,POINT (126.92448716178278 37.5466706437852),126.92448716178278,37.5466706437852,서울특별시 마포구 상수동,2,11,서울특별시,11440.0,마포구,11440115,상수동,,0,0,0,,,
350,1144011600,POINT (126.92779898148954 37.54359212390608),126.92779898148954,37.54359212390608,서울특별시 마포구 하중동,2,11,서울특별시,11440.0,마포구,11440116,하중동,,0,0,0,,,
351,1144011700,POINT (126.93035131820749 37.543178482062096),126.93035131820749,37.543178482062096,서울특별시 마포구 신정동,2,11,서울특별시,11440.0,마포구,11440117,신정동,,0,0,0,,,
352,1144011800,POINT (126.92206848707312 37.542605540668276),126.92206848707312,37.54260554066828,서울특별시 마포구 당인동,2,11,서울특별시,11440.0,마포구,11440118,당인동,,0,0,0,,,
353,1144012000,POINT (126.91879840951502 37.553839380609624),126.91879840951502,37.55383938060962,서울특별시 마포구 서교동,2,11,서울특별시,11440.0,마포구,11440120,서교동,,0,0,0,,,
354,1144012100,POINT (126.92515423679855 37.55759508575316),126.92515423679856,37.55759508575316,서울특별시 마포구 동교동,2,11,서울특별시,11440.0,마포구,11440121,동교동,,0,0,0,,,
355,1144012200,POINT (126.9090449981631 37.54702306046542),126.9090449981631,37.54702306046542,서울특별시 마포구 합정동,2,11,서울특별시,11440.0,마포구,11440122,합정동,,0,0,0,,,
356,1144012300,POINT (126.89993048134066 37.555477732312426),126.89993048134066,37.555477732312426,서울특별시 마포구 망원동,2,11,서울특별시,11440.0,마포구,11440123,망원동,,0,0,0,,,
357,1144012400,POINT (126.92152855304707 37.5630232338545),126.92152855304708,37.5630232338545,서울특별시 마포구 연남동,2,11,서울특별시,11440.0,마포구,11440124,연남동,,0,0,0,,,
358,1144012500,POINT (126.90469377493744 37.565658555216956),126.90469377493744,37.56565855521696,서울특별시 마포구 성산동,2,11,서울특별시,11440.0,마포구,11440125,성산동,,0,0,0,,,
359,1144012600,POINT (126.90616779602506 37.571630834829875),126.90616779602506,37.57163083482988,서울특별시 마포구 중동,2,11,서울특별시,11440.0,마포구,11440126,중동,,0,0,0,,,
360,1144012700,POINT (126.87988623319272 37.57072003647314),126.87988623319272,37.57072003647314,서울특별시 마포구 상암동,2,11,서울특별시,11440.0,마포구,11440127,상암동,,0,0,0,,,
361,1147000000,POINT (126.85547766023458 37.52478941020829),126.85547766023458,37.52478941020829,서울특별시 양천구,1,11,서울특별시,11470.0,양천구,11470000,,,0,3,0,,['서울특별시 양천구 신정동' '서울특별시 양천구 목동' '서울특별시 양천구 신월동'],
362,1147010100,POINT (126.8557190417005 37.51519455087799),126.8557190417005,37.51519455087799,서울특별시 양천구 신정동,2,11,서울특별시,11470.0,양천구,11470101,신정동,,0,0,0,,,
363,1147010200,POINT (126.87452133943201 37.53604466340131),126.874521339432,37.53604466340131,서울특별시 양천구 목동,2,11,서울특별시,11470.0,양천구,11470102,목동,,0,0,0,,,
364,1147010300,POINT (126.83432123077874 37.52660593745799),126.83432123077874,37.52660593745799,서울특별시 양천구 신월동,2,11,서울특별시,11470.0,양천구,11470103,신월동,,0,0,0,,,
365,1150000000,POINT (126.82280668970552 37.561235428012274),126.82280668970552,37.561235428012274,서울특별시 강서구,1,11,서울특별시,11500.0,강서구,11500000,,,0,13,0,,"['서울특별시 강서구 염창동' '서울특별시 강서구 등촌동' '서울특별시 강서구 화곡동' '서울특별시 강서구 가양동'
 '서울특별시 강서구 마곡동' '서울특별시 강서구 내발산동' '서울특별시 강서구 외발산동' '서울특별시 강서구 공항동'
 '서울특별시 강서구 방화동' '서울특별시 강서구 개화동' '서울특별시 강서구 과해동' '서울특별시 강서구 오곡동'
 '서울특별시 강서구 오쇠동']",
366,1150010100,POINT (126.87178059435477 37.554549561429376),126.87178059435476,37.554549561429376,서울특별시 강서구 염창동,2,11,서울특별시,11500.0,강서구,11500101,염창동,,0,0,0,,,
367,1150010200,POINT (126.8543090962772 37.55456418997172),126.8543090962772,37.55456418997172,서울특별시 강서구 등촌동,2,11,서울특별시,11500.0,강서구,11500102,등촌동,,0,0,0,,,
368,1150010300,POINT (126.84727060019719 37.540699201322994),126.8472706001972,37.540699201322994,서울특별시 강서구 화곡동,2,11,서울특별시,11500.0,강서구,11500103,화곡동,,0,0,0,,,
369,1150010400,POINT (126.85105981036837 37.567889449871224),126.85105981036835,37.56788944987122,서울특별시 강서구 가양동,2,11,서울특별시,11500.0,강서구,11500104,가양동,,0,0,0,,,
370,1150010500,POINT (126.829409872915 37.568649088623175),126.829409872915,37.568649088623175,서울특별시 강서구 마곡동,2,11,서울특별시,11500.0,강서구,11500105,마곡동,,0,0,0,,,
371,1150010600,POINT (126.83330470248421 37.55249139372813),126.8333047024842,37.55249139372813,서울특별시 강서구 내발산동,2,11,서울특별시,11500.0,강서구,11500106,내발산동,,0,0,0,,,
372,1150010700,POINT (126.81963375895721 37.54708772071814),126.8196337589572,37.54708772071814,서울특별시 강서구 외발산동,2,11,서울특별시,11500.0,강서구,11500107,외발산동,,0,0,0,,,
373,1150010800,POINT (126.80893306555525 37.55391791037705),126.80893306555524,37.55391791037705,서울특별시 강서구 공항동,2,11,서울특별시,11500.0,강서구,11500108,공항동,,0,0,0,,,
374,1150010900,POINT (126.81358719586137 37.57589544611857),126.81358719586136,37.57589544611857,서울특별시 강서구 방화동,2,11,서울특별시,11500.0,강서구,11500109,방화동,,0,0,0,,,
375,1150011000,POINT (126.8035926508052 37.5871140137266),126.8035926508052,37.5871140137266,서울특별시 강서구 개화동,2,11,서울특별시,11500.0,강서구,11500110,개화동,,0,0,0,,,
376,1150011100,POINT (126.78780302827361 37.565624878974084),126.7878030282736,37.56562487897408,서울특별시 강서구 과해동,2,11,서울특별시,11500.0,강서구,11500111,과해동,,0,0,0,,,
377,1150011200,POINT (126.78477441341407 37.552955743755994),126.78477441341408,37.552955743756,서울특별시 강서구 오곡동,2,11,서울특별시,11500.0,강서구,11500112,오곡동,,0,0,0,,,
378,1150011300,POINT (126.79793343379282 37.54347716877586),126.79793343379282,37.54347716877586,서울특별시 강서구 오쇠동,2,11,서울특별시,11500.0,강서구,11500113,오쇠동,,0,0,0,,,
379,1153000000,POINT (126.85630057897222 37.494405428561855),126.85630057897222,37.494405428561855,서울특별시 구로구,1,11,서울특별시,11530.0,구로구,11530000,,,0,10,0,,"['서울특별시 구로구 신도림동' '서울특별시 구로구 구로동' '서울특별시 구로구 가리봉동' '서울특별시 구로구 고척동'
 '서울특별시 구로구 개봉동' '서울특별시 구로구 오류동' '서울특별시 구로구 궁동' '서울특별시 구로구 온수동'
 '서울특별시 구로구 천왕동' '서울특별시 구로구 항동']",
380,1153010100,POINT (126.88218517004144 37.5099460149011),126.88218517004144,37.5099460149011,서울특별시 구로구 신도림동,2,11,서울특별시,11530.0,구로구,11530101,신도림동,,0,0,0,,,
381,1153010200,POINT (126.88468696337424 37.49423457994257),126.88468696337424,37.49423457994257,서울특별시 구로구 구로동,2,11,서울특별시,11530.0,구로구,11530102,구로동,,0,0,0,,,
382,1153010300,POINT (126.88803772989327 37.482700106326476),126.88803772989328,37.48270010632648,서울특별시 구로구 가리봉동,2,11,서울특별시,11530.0,구로구,11530103,가리봉동,,0,0,0,,,
383,1153010600,POINT (126.85887581798399 37.503168238245614),126.858875817984,37.503168238245614,서울특별시 구로구 고척동,2,11,서울특별시,11530.0,구로구,11530106,고척동,,0,0,0,,,
384,1153010700,POINT (126.8519426662647 37.494224747761535),126.8519426662647,37.494224747761535,서울특별시 구로구 개봉동,2,11,서울특별시,11530.0,구로구,11530107,개봉동,,0,0,0,,,
385,1153010800,POINT (126.83854726394607 37.491991884472796),126.83854726394608,37.4919918844728,서울특별시 구로구 오류동,2,11,서울특별시,11530.0,구로구,11530108,오류동,,0,0,0,,,
386,1153010900,POINT (126.82852559348943 37.500432768671565),126.82852559348945,37.500432768671565,서울특별시 구로구 궁동,2,11,서울특별시,11530.0,구로구,11530109,궁동,,0,0,0,,,
387,1153011000,POINT (126.8206168227773 37.49414445079123),126.8206168227773,37.49414445079123,서울특별시 구로구 온수동,2,11,서울특별시,11530.0,구로구,11530110,온수동,,0,0,0,,,
388,1153011100,POINT (126.83981902082006 37.480835735835825),126.83981902082006,37.48083573583583,서울특별시 구로구 천왕동,2,11,서울특별시,11530.0,구로구,11530111,천왕동,,0,0,0,,,
389,1153011200,POINT (126.82459683794686 37.481036282021215),126.82459683794686,37.481036282021215,서울특별시 구로구 항동,2,11,서울특별시,11530.0,구로구,11530112,항동,,0,0,0,,,
390,1154500000,POINT (126.90082024440927 37.46056756493177),126.90082024440927,37.46056756493177,서울특별시 금천구,1,11,서울특별시,11545.0,금천구,11545000,,,0,3,0,,['서울특별시 금천구 가산동' '서울특별시 금천구 독산동' '서울특별시 금천구 시흥동'],
391,1154510100,POINT (126.8837782478907 37.47668465005587),126.8837782478907,37.47668465005587,서울특별시 금천구 가산동,2,11,서울특별시,11545.0,금천구,11545101,가산동,,0,0,0,,,
392,1154510200,POINT (126.8982967098815 37.46747612339402),126.8982967098815,37.46747612339402,서울특별시 금천구 독산동,2,11,서울특별시,11545.0,금천구,11545102,독산동,,0,0,0,,,
393,1154510300,POINT (126.90928980328589 37.449530199101986),126.90928980328589,37.44953019910199,서울특별시 금천구 시흥동,2,11,서울특별시,11545.0,금천구,11545103,시흥동,,0,0,0,,,
394,1156000000,POINT (126.91016946737669 37.5223082885753),126.91016946737668,37.5223082885753,서울특별시 영등포구,1,11,서울특별시,11560.0,영등포구,11560000,,,0,34,0,,"['서울특별시 영등포구 영등포동' '서울특별시 영등포구 영등포동1가' '서울특별시 영등포구 영등포동2가'
 '서울특별시 영등포구 영등포동3가' '서울특별시 영등포구 영등포동4가' '서울특별시 영등포구 영등포동5가'
 '서울특별시 영등포구 영등포동6가' '서울특별시 영등포구 영등포동7가' '서울특별시 영등포구 영등포동8가'
 '서울특별시 영등포구 여의도동' '서울특별시 영등포구 당산동1가' '서울특별시 영등포구 당산동2가'
 '서울특별시 영등포구 당산동3가' '서울특별시 영등포구 당산동4가' '서울특별시 영등포구 당산동5가'
 '서울특별시 영등포구 당산동6가' '서울특별시 영등포구 당산동' '서울특별시 영등포구 도림동' '서울특별시 영등포구 문래동1가'
 '서울특별시 영등포구 문래동2가' '서울특별시 영등포구 문래동3가' '서울특별시 영등포구 문래동4가'
 '서울특별시 영등포구 문래동5가' '서울특별시 영등포구 문래동6가' '서울특별시 영등포구 양평동1가'
 '서울특별시 영등포구 양평동2가' '서울특별시 영등포구 양평동3가' '서울특별시 영등포구 양평동4가'
 '서울특별시 영등포구 양평동5가' '서울특별시 영등포구 양평동6가' '서울특별시 영등포구 양화동' '서울특별시 영등포구 신길동'
 '서울특별시 영등포구 대림동' '서울특별시 영등포구 양평동']",
395,1156010100,POINT (126.90691319479247 37.51378577572174),126.90691319479248,37.51378577572174,서울특별시 영등포구 영등포동,2,11,서울특별시,11560.0,영등포구,11560101,영등포동,,0,0,0,,,
396,1156010200,POINT (126.91286680684453 37.517626418271384),126.91286680684452,37.51762641827138,서울특별시 영등포구 영등포동1가,2,11,서울특별시,11560.0,영등포구,11560102,영등포동1가,,0,0,0,,,
397,1156010300,POINT (126.9121946850571 37.520609857723166),126.9121946850571,37.520609857723166,서울특별시 영등포구 영등포동2가,2,11,서울특별시,11560.0,영등포구,11560103,영등포동2가,,0,0,0,,,
398,1156010400,POINT (126.9078989301965 37.518262914465),126.9078989301965,37.518262914465,서울특별시 영등포구 영등포동3가,2,11,서울특별시,11560.0,영등포구,11560104,영등포동3가,,0,0,0,,,
399,1156010500,POINT (126.9035777653571 37.51789068880999),126.9035777653571,37.51789068880999,서울특별시 영등포구 영등포동4가,2,11,서울특별시,11560.0,영등포구,11560105,영등포동4가,,0,0,0,,,
400,1156010600,POINT (126.90668058866625 37.52107507205193),126.90668058866623,37.52107507205193,서울특별시 영등포구 영등포동5가,2,11,서울특별시,11560.0,영등포구,11560106,영등포동5가,,0,0,0,,,
401,1156010700,POINT (126.90307415213174 37.52163220111002),126.90307415213174,37.52163220111002,서울특별시 영등포구 영등포동6가,2,11,서울특별시,11560.0,영등포구,11560107,영등포동6가,,0,0,0,,,
402,1156010800,POINT (126.90711967736986 37.52429193122779),126.90711967736986,37.52429193122779,서울특별시 영등포구 영등포동7가,2,11,서울특별시,11560.0,영등포구,11560108,영등포동7가,,0,0,0,,,
403,1156010900,POINT (126.90529436924353 37.52829994600516),126.90529436924352,37.52829994600516,서울특별시 영등포구 영등포동8가,2,11,서울특별시,11560.0,영등포구,11560109,영등포동8가,,0,0,0,,,
404,1156011000,POINT (126.9284679473727 37.52850492683605),126.9284679473727,37.52850492683605,서울특별시 영등포구 여의도동,2,11,서울특별시,11560.0,영등포구,11560110,여의도동,,0,0,0,,,
405,1156011100,POINT (126.8985127612387 37.52168456030789),126.8985127612387,37.52168456030789,서울특별시 영등포구 당산동1가,2,11,서울특별시,11560.0,영등포구,11560111,당산동1가,,0,0,0,,,
406,1156011200,POINT (126.893705744736 37.52248372355299),126.893705744736,37.52248372355299,서울특별시 영등포구 당산동2가,2,11,서울특별시,11560.0,영등포구,11560112,당산동2가,,0,0,0,,,
407,1156011300,POINT (126.89711351458065 37.52586213949938),126.89711351458064,37.52586213949938,서울특별시 영등포구 당산동3가,2,11,서울특별시,11560.0,영등포구,11560113,당산동3가,,0,0,0,,,
408,1156011400,POINT (126.89913605068973 37.52903856574709),126.89913605068972,37.52903856574709,서울특별시 영등포구 당산동4가,2,11,서울특별시,11560.0,영등포구,11560114,당산동4가,,0,0,0,,,
409,1156011500,POINT (126.90120008850569 37.532087215691064),126.90120008850568,37.53208721569106,서울특별시 영등포구 당산동5가,2,11,서울특별시,11560.0,영등포구,11560115,당산동5가,,0,0,0,,,
410,1156011600,POINT (126.90288026026408 37.5346606208331),126.90288026026408,37.5346606208331,서울특별시 영등포구 당산동6가,2,11,서울특별시,11560.0,영등포구,11560116,당산동6가,,0,0,0,,,
411,1156011700,POINT (126.90401157069759 37.53642450483842),126.9040115706976,37.53642450483842,서울특별시 영등포구 당산동,2,11,서울특별시,11560.0,영등포구,11560117,당산동,,0,0,0,,,
412,1156011800,POINT (126.90054204843766 37.50910124208346),126.90054204843766,37.50910124208346,서울특별시 영등포구 도림동,2,11,서울특별시,11560.0,영등포구,11560118,도림동,,0,0,0,,,
413,1156011900,POINT (126.8970601169093 37.51228289803374),126.8970601169093,37.51228289803374,서울특별시 영등포구 문래동1가,2,11,서울특별시,11560.0,영등포구,11560119,문래동1가,,0,0,0,,,
414,1156012000,POINT (126.89309465512349 37.5127780462451),126.89309465512348,37.5127780462451,서울특별시 영등포구 문래동2가,2,11,서울특별시,11560.0,영등포구,11560120,문래동2가,,0,0,0,,,
415,1156012100,POINT (126.89571530396154 37.5172701913735),126.89571530396154,37.5172701913735,서울특별시 영등포구 문래동3가,2,11,서울특별시,11560.0,영등포구,11560121,문래동3가,,0,0,0,,,
416,1156012200,POINT (126.88987299071141 37.51446764686954),126.8898729907114,37.51446764686954,서울특별시 영등포구 문래동4가,2,11,서울특별시,11560.0,영등포구,11560122,문래동4가,,0,0,0,,,
417,1156012300,POINT (126.88385584048704 37.516682920081536),126.88385584048704,37.516682920081536,서울특별시 영등포구 문래동5가,2,11,서울특별시,11560.0,영등포구,11560123,문래동5가,,0,0,0,,,
418,1156012400,POINT (126.88465425785597 37.51989725675836),126.88465425785596,37.51989725675836,서울특별시 영등포구 문래동6가,2,11,서울특별시,11560.0,영등포구,11560124,문래동6가,,0,0,0,,,
419,1156012500,POINT (126.88869864627355 37.523190208593505),126.88869864627355,37.52319020859351,서울특별시 영등포구 양평동1가,2,11,서울특별시,11560.0,영등포구,11560125,양평동1가,,0,0,0,,,
420,1156012600,POINT (126.88375778087907 37.5234270604656),126.88375778087908,37.5234270604656,서울특별시 영등포구 양평동2가,2,11,서울특별시,11560.0,영등포구,11560126,양평동2가,,0,0,0,,,
421,1156012700,POINT (126.89104772041625 37.52903606607547),126.89104772041624,37.52903606607547,서울특별시 영등포구 양평동3가,2,11,서울특별시,11560.0,영등포구,11560127,양평동3가,,0,0,0,,,
422,1156012800,POINT (126.89615163446744 37.5363178277667),126.89615163446744,37.5363178277667,서울특별시 영등포구 양평동4가,2,11,서울특별시,11560.0,영등포구,11560128,양평동4가,,0,0,0,,,
423,1156012900,POINT (126.89264505361885 37.539366659570625),126.89264505361884,37.53936665957063,서울특별시 영등포구 양평동5가,2,11,서울특별시,11560.0,영등포구,11560129,양평동5가,,0,0,0,,,
424,1156013000,POINT (126.8895728212249 37.542637630235106),126.8895728212249,37.54263763023511,서울특별시 영등포구 양평동6가,2,11,서울특별시,11560.0,영등포구,11560130,양평동6가,,0,0,0,,,
425,1156013100,POINT (126.88912100489777 37.54796943614185),126.88912100489776,37.54796943614185,서울특별시 영등포구 양화동,2,11,서울특별시,11560.0,영등포구,11560131,양화동,,0,0,0,,,
426,1156013200,POINT (126.91361404352891 37.506064430223205),126.91361404352892,37.506064430223205,서울특별시 영등포구 신길동,2,11,서울특별시,11560.0,영등포구,11560132,신길동,,0,0,0,,,
427,1156013300,POINT (126.900128911302 37.49542734758569),126.900128911302,37.49542734758569,서울특별시 영등포구 대림동,2,11,서울특별시,11560.0,영등포구,11560133,대림동,,0,0,0,,,
428,1156013400,POINT (126.88694213964823 37.532887014509114),126.88694213964824,37.53288701450912,서울특별시 영등포구 양평동,2,11,서울특별시,11560.0,영등포구,11560134,양평동,,0,0,0,,,
429,1159000000,POINT (126.9516414543837 37.498876876071876),126.9516414543837,37.49887687607188,서울특별시 동작구,1,11,서울특별시,11590.0,동작구,11590000,,,0,9,0,,"['서울특별시 동작구 노량진동' '서울특별시 동작구 상도동' '서울특별시 동작구 상도1동' '서울특별시 동작구 본동'
 '서울특별시 동작구 흑석동' '서울특별시 동작구 동작동' '서울특별시 동작구 사당동' '서울특별시 동작구 대방동'
 '서울특별시 동작구 신대방동']",
430,1159010100,POINT (126.94188374828862 37.511569947642336),126.94188374828862,37.511569947642336,서울특별시 동작구 노량진동,2,11,서울특별시,11590.0,동작구,11590101,노량진동,,0,0,0,,,
431,1159010200,POINT (126.94408044624419 37.49870787980003),126.9440804462442,37.49870787980003,서울특별시 동작구 상도동,2,11,서울특별시,11590.0,동작구,11590102,상도동,,0,0,0,,,
432,1159010300,POINT (126.95064170454968 37.50327443968304),126.95064170454968,37.50327443968304,서울특별시 동작구 상도1동,2,11,서울특별시,11590.0,동작구,11590103,상도1동,,0,0,0,,,
433,1159010400,POINT (126.95365895145983 37.5124477714215),126.95365895145984,37.5124477714215,서울특별시 동작구 본동,2,11,서울특별시,11590.0,동작구,11590104,본동,,0,0,0,,,
434,1159010500,POINT (126.96233704706508 37.50549290376016),126.96233704706508,37.50549290376016,서울특별시 동작구 흑석동,2,11,서울특별시,11590.0,동작구,11590105,흑석동,,0,0,0,,,
435,1159010600,POINT (126.97387524335258 37.49921742348401),126.97387524335258,37.49921742348401,서울특별시 동작구 동작동,2,11,서울특별시,11590.0,동작구,11590106,동작동,,0,0,0,,,
436,1159010700,POINT (126.97231151798462 37.485622527920334),126.97231151798462,37.485622527920334,서울특별시 동작구 사당동,2,11,서울특별시,11590.0,동작구,11590107,사당동,,0,0,0,,,
437,1159010800,POINT (126.92800815596662 37.5068788212364),126.92800815596662,37.5068788212364,서울특별시 동작구 대방동,2,11,서울특별시,11590.0,동작구,11590108,대방동,,0,0,0,,,
438,1159010900,POINT (126.9171909623841 37.49267402527196),126.9171909623841,37.49267402527196,서울특별시 동작구 신대방동,2,11,서울특별시,11590.0,동작구,11590109,신대방동,,0,0,0,,,
439,1162000000,POINT (126.94533715305033 37.46737569058797),126.94533715305032,37.46737569058797,서울특별시 관악구,1,11,서울특별시,11620.0,관악구,11620000,,,0,3,0,,['서울특별시 관악구 봉천동' '서울특별시 관악구 신림동' '서울특별시 관악구 남현동'],
440,1162010100,POINT (126.9534874765543 37.47797496610814),126.9534874765543,37.47797496610814,서울특별시 관악구 봉천동,2,11,서울특별시,11620.0,관악구,11620101,봉천동,,0,0,0,,,
441,1162010200,POINT (126.93580773340327 37.46319952201074),126.93580773340328,37.46319952201074,서울특별시 관악구 신림동,2,11,서울특별시,11620.0,관악구,11620102,신림동,,0,0,0,,,
442,1162010300,POINT (126.97776851593538 37.46411143344172),126.97776851593538,37.46411143344172,서울특별시 관악구 남현동,2,11,서울특별시,11620.0,관악구,11620103,남현동,,0,0,0,,,
443,1165000000,POINT (127.03122031111438 37.47329546734596),127.03122031111438,37.47329546734596,서울특별시 서초구,1,11,서울특별시,11650.0,서초구,11650000,,,0,10,0,,"['서울특별시 서초구 방배동' '서울특별시 서초구 양재동' '서울특별시 서초구 우면동' '서울특별시 서초구 원지동'
 '서울특별시 서초구 잠원동' '서울특별시 서초구 반포동' '서울특별시 서초구 서초동' '서울특별시 서초구 내곡동'
 '서울특별시 서초구 염곡동' '서울특별시 서초구 신원동']",
444,1165010100,POINT (126.99311799562292 37.47949267195766),126.99311799562292,37.47949267195766,서울특별시 서초구 방배동,2,11,서울특별시,11650.0,서초구,11650101,방배동,,0,0,0,,,
445,1165010200,POINT (127.03742173850947 37.471969364655116),127.03742173850948,37.47196936465512,서울특별시 서초구 양재동,2,11,서울특별시,11650.0,서초구,11650102,양재동,,0,0,0,,,
446,1165010300,POINT (127.01794436004808 37.46593428048647),127.01794436004808,37.46593428048647,서울특별시 서초구 우면동,2,11,서울특별시,11650.0,서초구,11650103,우면동,,0,0,0,,,
447,1165010400,POINT (127.04862966597167 37.443320687492225),127.04862966597167,37.44332068749223,서울특별시 서초구 원지동,2,11,서울특별시,11650.0,서초구,11650104,원지동,,0,0,0,,,
448,1165010600,POINT (127.00909158692494 37.51510276517586),127.00909158692494,37.51510276517586,서울특별시 서초구 잠원동,2,11,서울특별시,11650.0,서초구,11650106,잠원동,,0,0,0,,,
449,1165010700,POINT (127.00076347605462 37.50396464822147),127.00076347605462,37.50396464822147,서울특별시 서초구 반포동,2,11,서울특별시,11650.0,서초구,11650107,반포동,,0,0,0,,,
450,1165010800,POINT (127.01680535750033 37.48837476066834),127.01680535750032,37.48837476066834,서울특별시 서초구 서초동,2,11,서울특별시,11650.0,서초구,11650108,서초동,,0,0,0,,,
451,1165010900,POINT (127.0767406910146 37.458149770465056),127.0767406910146,37.458149770465056,서울특별시 서초구 내곡동,2,11,서울특별시,11650.0,서초구,11650109,내곡동,,0,0,0,,,
452,1165011000,POINT (127.0536509816786 37.463670109947444),127.0536509816786,37.46367010994744,서울특별시 서초구 염곡동,2,11,서울특별시,11650.0,서초구,11650110,염곡동,,0,0,0,,,
453,1165011100,POINT (127.06217060245565 37.4440741995561),127.06217060245564,37.4440741995561,서울특별시 서초구 신원동,2,11,서울특별시,11650.0,서초구,11650111,신원동,,0,0,0,,,
454,1168000000,POINT (127.06298520424792 37.496643894287786),127.06298520424792,37.496643894287786,서울특별시 강남구,1,11,서울특별시,11680.0,강남구,11680000,,,0,14,0,,"['서울특별시 강남구 역삼동' '서울특별시 강남구 개포동' '서울특별시 강남구 청담동' '서울특별시 강남구 삼성동'
 '서울특별시 강남구 대치동' '서울특별시 강남구 신사동' '서울특별시 강남구 논현동' '서울특별시 강남구 압구정동'
 '서울특별시 강남구 세곡동' '서울특별시 강남구 자곡동' '서울특별시 강남구 율현동' '서울특별시 강남구 일원동'
 '서울특별시 강남구 수서동' '서울특별시 강남구 도곡동']",
455,1168010100,POINT (127.0385490769512 37.50007839967135),127.0385490769512,37.50007839967135,서울특별시 강남구 역삼동,2,11,서울특별시,11680.0,강남구,11680101,역삼동,,0,0,0,,,
456,1168010300,POINT (127.06259188505676 37.480276382085364),127.06259188505676,37.48027638208536,서울특별시 강남구 개포동,2,11,서울특별시,11680.0,강남구,11680103,개포동,,0,0,0,,,
457,1168010400,POINT (127.05047177757721 37.52439589934928),127.0504717775772,37.52439589934928,서울특별시 강남구 청담동,2,11,서울특별시,11680.0,강남구,11680104,청담동,,0,0,0,,,
458,1168010500,POINT (127.0561216060426 37.513968937181204),127.0561216060426,37.5139689371812,서울특별시 강남구 삼성동,2,11,서울특별시,11680.0,강남구,11680105,삼성동,,0,0,0,,,
459,1168010600,POINT (127.06334667950938 37.49918983082211),127.06334667950938,37.49918983082211,서울특별시 강남구 대치동,2,11,서울특별시,11680.0,강남구,11680106,대치동,,0,0,0,,,
460,1168010700,POINT (127.0265021417178 37.52380657423338),127.0265021417178,37.52380657423338,서울특별시 강남구 신사동,2,11,서울특별시,11680.0,강남구,11680107,신사동,,0,0,0,,,
461,1168010800,POINT (127.03171247842701 37.51367912993379),127.031712478427,37.51367912993379,서울특별시 강남구 논현동,2,11,서울특별시,11680.0,강남구,11680108,논현동,,0,0,0,,,
462,1168011000,POINT (127.02847878449755 37.530736240237125),127.02847878449757,37.530736240237125,서울특별시 강남구 압구정동,2,11,서울특별시,11680.0,강남구,11680110,압구정동,,0,0,0,,,
463,1168011100,POINT (127.10459678585212 37.46436944623918),127.10459678585212,37.46436944623918,서울특별시 강남구 세곡동,2,11,서울특별시,11680.0,강남구,11680111,세곡동,,0,0,0,,,
464,1168011200,POINT (127.10035102126302 37.476268479930354),127.10035102126302,37.476268479930354,서울특별시 강남구 자곡동,2,11,서울특별시,11680.0,강남구,11680112,자곡동,,0,0,0,,,
465,1168011300,POINT (127.11207067721938 37.47081185783545),127.11207067721938,37.47081185783545,서울특별시 강남구 율현동,2,11,서울특별시,11680.0,강남구,11680113,율현동,,0,0,0,,,
466,1168011400,POINT (127.08286049104915 37.488008106820445),127.08286049104916,37.488008106820445,서울특별시 강남구 일원동,2,11,서울특별시,11680.0,강남구,11680114,일원동,,0,0,0,,,
467,1168011500,POINT (127.09671869070249 37.48587602939197),127.09671869070247,37.48587602939197,서울특별시 강남구 수서동,2,11,서울특별시,11680.0,강남구,11680115,수서동,,0,0,0,,,
468,1168011800,POINT (127.04527689043202 37.488595876138916),127.04527689043202,37.48859587613892,서울특별시 강남구 도곡동,2,11,서울특별시,11680.0,강남구,11680118,도곡동,,0,0,0,,,
469,1171000000,POINT (127.11529503972389 37.50561924154445),127.11529503972388,37.50561924154445,서울특별시 송파구,1,11,서울특별시,11710.0,송파구,11710000,,,0,13,0,,"['서울특별시 송파구 잠실동' '서울특별시 송파구 신천동' '서울특별시 송파구 풍납동' '서울특별시 송파구 송파동'
 '서울특별시 송파구 석촌동' '서울특별시 송파구 삼전동' '서울특별시 송파구 가락동' '서울특별시 송파구 문정동'
 '서울특별시 송파구 장지동' '서울특별시 송파구 방이동' '서울특별시 송파구 오금동' '서울특별시 송파구 거여동'
 '서울특별시 송파구 마천동']",
470,1171010100,POINT (127.08339049764068 37.5119628280698),127.08339049764068,37.5119628280698,서울특별시 송파구 잠실동,2,11,서울특별시,11710.0,송파구,11710101,잠실동,,0,0,0,,,
471,1171010200,POINT (127.09897863081738 37.5239235994725),127.09897863081738,37.5239235994725,서울특별시 송파구 신천동,2,11,서울특별시,11710.0,송파구,11710102,신천동,,0,0,0,,,
472,1171010300,POINT (127.1139970165966 37.53320666327234),127.1139970165966,37.53320666327234,서울특별시 송파구 풍납동,2,11,서울특별시,11710.0,송파구,11710103,풍납동,,0,0,0,,,
473,1171010400,POINT (127.11354718758949 37.505107611543636),127.11354718758948,37.50510761154364,서울특별시 송파구 송파동,2,11,서울특별시,11710.0,송파구,11710104,송파동,,0,0,0,,,
474,1171010500,POINT (127.10251312460893 37.502726254178654),127.10251312460892,37.502726254178654,서울특별시 송파구 석촌동,2,11,서울특별시,11710.0,송파구,11710105,석촌동,,0,0,0,,,
475,1171010600,POINT (127.09188803768618 37.50190204743216),127.09188803768618,37.50190204743216,서울특별시 송파구 삼전동,2,11,서울특별시,11710.0,송파구,11710106,삼전동,,0,0,0,,,
476,1171010700,POINT (127.11840441939489 37.49568677990765),127.11840441939488,37.49568677990765,서울특별시 송파구 가락동,2,11,서울특별시,11710.0,송파구,11710107,가락동,,0,0,0,,,
477,1171010800,POINT (127.12255946532606 37.485585036111516),127.12255946532606,37.48558503611152,서울특별시 송파구 문정동,2,11,서울특별시,11710.0,송파구,11710108,문정동,,0,0,0,,,
478,1171010900,POINT (127.13206416792963 37.47687259462157),127.13206416792964,37.47687259462157,서울특별시 송파구 장지동,2,11,서울특별시,11710.0,송파구,11710109,장지동,,0,0,0,,,
479,1171011100,POINT (127.12538894253487 37.515674624614924),127.12538894253488,37.51567462461493,서울특별시 송파구 방이동,2,11,서울특별시,11710.0,송파구,11710111,방이동,,0,0,0,,,
480,1171011200,POINT (127.13402013341098 37.50400505475779),127.13402013341098,37.50400505475779,서울특별시 송파구 오금동,2,11,서울특별시,11710.0,송파구,11710112,오금동,,0,0,0,,,
481,1171011300,POINT (127.14497969053633 37.489726894027825),127.14497969053632,37.48972689402783,서울특별시 송파구 거여동,2,11,서울특별시,11710.0,송파구,11710113,거여동,,0,0,0,,,
482,1171011400,POINT (127.15275251791014 37.49848696830423),127.15275251791014,37.49848696830423,서울특별시 송파구 마천동,2,11,서울특별시,11710.0,송파구,11710114,마천동,,0,0,0,,,
483,1174000000,POINT (127.14701184176552 37.5504502432305),127.14701184176552,37.5504502432305,서울특별시 강동구,1,11,서울특별시,11740.0,강동구,11740000,,,0,9,0,,"['서울특별시 강동구 명일동' '서울특별시 강동구 고덕동' '서울특별시 강동구 상일동' '서울특별시 강동구 길동'
 '서울특별시 강동구 둔촌동' '서울특별시 강동구 암사동' '서울특별시 강동구 성내동' '서울특별시 강동구 천호동'
 '서울특별시 강동구 강일동']",
484,1174010100,POINT (127.15081019495686 37.54905366226175),127.15081019495686,37.54905366226175,서울특별시 강동구 명일동,2,11,서울특별시,11740.0,강동구,11740101,명일동,,0,0,0,,,
485,1174010200,POINT (127.15823011188463 37.56382203459346),127.15823011188463,37.56382203459346,서울특별시 강동구 고덕동,2,11,서울특별시,11740.0,강동구,11740102,고덕동,,0,0,0,,,
486,1174010300,POINT (127.16963994536341 37.55110315997119),127.1696399453634,37.55110315997119,서울특별시 강동구 상일동,2,11,서울특별시,11740.0,강동구,11740103,상일동,,0,0,0,,,
487,1174010500,POINT (127.14592904185352 37.53961619000997),127.14592904185352,37.53961619000997,서울특별시 강동구 길동,2,11,서울특별시,11740.0,강동구,11740105,길동,,0,0,0,,,
488,1174010600,POINT (127.14472693241336 37.5282635714739),127.14472693241336,37.5282635714739,서울특별시 강동구 둔촌동,2,11,서울특별시,11740.0,강동구,11740106,둔촌동,,0,0,0,,,
489,1174010700,POINT (127.13106240400549 37.55780509238078),127.13106240400548,37.55780509238078,서울특별시 강동구 암사동,2,11,서울특별시,11740.0,강동구,11740107,암사동,,0,0,0,,,
490,1174010800,POINT (127.12899214043995 37.53049385169329),127.12899214043996,37.53049385169329,서울특별시 강동구 성내동,2,11,서울특별시,11740.0,강동구,11740108,성내동,,0,0,0,,,
491,1174010900,POINT (127.12763147740576 37.544376009316714),127.12763147740576,37.54437600931672,서울특별시 강동구 천호동,2,11,서울특별시,11740.0,강동구,11740109,천호동,,0,0,0,,,
492,1174011000,POINT (127.17338353679997 37.568915836694416),127.17338353679996,37.568915836694416,서울특별시 강동구 강일동,2,11,서울특별시,11740.0,강동구,11740110,강일동,,0,0,0,,,
